รหัสรายการ,จังหวัด,ชื่อหน่วยงาน,ประเภทสถานที่,รูปแบบการศึกษา,กลุ่มเป้าหมาย,ขอบเขต/รูปแบบการเรียนรู้,อำเภอ,ตำบล,พิกัดที่ตั้ง,แถวต้นฉบับ,ข้อควรตรวจสอบ
TZD-787219E751,กระบี่,วิทยาลัยเกษตรและเทคโนโลยีกระบี่,วิชาชีพ,ในระบบ,นักเรียนที่หลุดจากระบบการศึกษาช่วงอา,"วิชาการเกษตร, การประมง, การเลี้ยงสัตว์, การงานอาชีพ",เหนือคลอง,ห้วยยูง,ตำบลห้วยยูง อำเภอเหนือคลอง,2,ข้อความกลุ่มเป้าหมายอาจถูกตัดในต้นฉบับ
TZD-F2B78872FD,กระบี่,วิทยาลัยสารพัดช่างกระบี่,วิชาชีพ,นอกระบบ,เยาวชนที่อยู่นอกระบบการศึกษา อายุ 15-18 ปี ที่ต้องการมีอาชีพ,ธุรกิจโรงแรม การท่องเที่ยว การงานอาชีพ,เมืองกระบี่,ไสไทย,ตำบล ไสไทย อำเภอเมือง,3,
TZD-416F799F6B,กระบี่,มูลนิธินายศรีผ่อง-นางกี่ ภูเก้าล้วน,วิชาชีพ,นอกระบบ,เยาวชนที่อยู่นอกระบบการศึกษา อายุ 15-18 ปี ที่ต้องการมีอาชีพ,การปศุสัตว์,เมืองกระบี่,ปากน้ำ,ตำบลปากน้ำ อำเภอเมือง,4,
TZD-A3A84A5BAE,กระบี่,ฟาร์มแพะศรีผ่อง,วิชาชีวิต,ตามอัธยาศัย,เยาวชนที่อยู่นอกระบบการศึกษา อายุ 15-18 ปี ที่ต้องการมีอาชีพ,การเลี้ยงแพะ,เมืองกระบี่,กระบี่ใหญ่,ตำบลกระบี่ใหญ่ อำเภอเมือง,5,
TZD-510FAA228E,กระบี่,กลุ่มรัฐวิสาหกิจชุมชน,วิชาชีวิต,ตามอัธยาศัย,เยาวชนที่อยู่นอกระบบการศึกษา อายุ 15-18 ปี ที่ต้องการมีอาชีพ,เกษตร ประมง ขับเรือ ทำเรือ,,,สนง. พัฒนาชุมชนตำบล/อำเภอ/จังหวัด,6,
TZD-7E5FB383A2,กระบี่,สำนักงานพัฒนาฝีมือแรงงานที่ 45,วิชาชีวิต,ตามอัธยาศัย,เยาวชนที่อยู่นอกระบบการศึกษา อายุ 15-18 ปี ที่ต้องการมีอาชีพ,ช่างต่างๆ ตัดผมสตรี,เมืองกระบี่,ไสไทย,ตำบลไสไทย อำเภอเมือง,7,
TZD-340FE5110C,กรุงเทพมหานคร,สกร ระดับเขต (ศูนย์การเรียนรู้ชุมชน),วิชาการ,นอกระบบ,เด็กและเยาวชนนอกระบบการศึกษาอายุ 15 ปีขึ้นไป,จัดการเรียนการสอนเพื่อเทียบระดับการศึกษาการศึกษาขั้นพื้นฐานและการศึกษาต่อเนื่อง,,,180 แขวง 50 เขต ทั่วกทม,8,
TZD-4DE945B7E5,กรุงเทพมหานคร,วิทยาลัยสารพัดช่างธนบุรี เขตคลองสาน,วิชาชีพ,นอกระบบ,เยาวชนที่ต้องการมีทักษะอาชีพต่างๆ,ฝึกอบรมทักษะอาชีพระยะสั้นต่างๆ,คลองสาน,,คลองสาน,9,
TZD-08D8291A9D,กรุงเทพมหานคร,วิทยาลัยช่างพระนคร เขตป้อมปราบ,วิชาชีพ,นอกระบบ,เยาวชนที่ต้องการมีทักษะอาชีพต่างๆ,ฝึกอบรมทักษะอาชีพระยะสั้นต่างๆ,ป้อมปราบศัตรูพ่าย,,เขตป้อมปราบฯ,10,
TZD-F2FA0188B8,กรุงเทพมหานคร,วิทยาลัยสารพัดช่างนครหลวง เขตบางพลัด,วิชาชีพ,นอกระบบ,เยาวชนที่ต้องการมีทักษะอาชีพต่างๆ,ฝึกอบรมทักษะอาชีพระยะสั้นต่างๆ,บางพลัด,,บางพลัด,11,
TZD-7C2C01E166,กรุงเทพมหานคร,วิทยาลัยช่างสี่พระยา เขตบางรัก,วิชาชีพ,นอกระบบ,เยาวชนที่ต้องการมีทักษะอาชีพต่างๆ,ฝึกอบรมทักษะอาชีพระยะสั้นต่างๆ,บางรัก,,บางรัก,12,
TZD-206FA3C27F,กรุงเทพมหานคร,ศูนย์ฝึกอาชีพวัดธรรมมงคล,วิชาชีพ,ตามอัธยาศัย,,,พระโขนง,,เขตพระโขนง,13,ยังไม่ระบุขอบเขต/รูปแบบการเรียนรู้; ยังไม่ระบุกลุ่มเป้าหมาย
TZD-C3D0D77AFA,กรุงเทพมหานคร,ศูนย์ฝึกอาชีพสวนลุมพินี,วิชาชีพ,ตามอัธยาศัย,,,ปทุมวัน,,เขตปทุมวัน,14,ยังไม่ระบุขอบเขต/รูปแบบการเรียนรู้; ยังไม่ระบุกลุ่มเป้าหมาย
TZD-4CFD4764F5,กรุงเทพมหานคร,ศูนย์ฝึกอาชีพสะพานสูง,วิชาชีพ,ตามอัธยาศัย,,,สะพานสูง,,เขตสะพานสูง,15,ยังไม่ระบุขอบเขต/รูปแบบการเรียนรู้; ยังไม่ระบุกลุ่มเป้าหมาย
TZD-11A90AAA25,กรุงเทพมหานคร,ศูนย์ฝึกอาชีพวัดวรจรรยาวาส,วิชาชีพ,ตามอัธยาศัย,,,บางคอแหลม,,เขตบางคอแหลม,16,ยังไม่ระบุขอบเขต/รูปแบบการเรียนรู้; ยังไม่ระบุกลุ่มเป้าหมาย
TZD-0E7DD1ECF4,กรุงเทพมหานคร,ศูนย์ฝึกอาชีพบางพลัด,วิชาชีพ,ตามอัธยาศัย,,,บางพลัด,,เขตบางพลัด,17,ยังไม่ระบุขอบเขต/รูปแบบการเรียนรู้; ยังไม่ระบุกลุ่มเป้าหมาย
TZD-2B62486D27,กรุงเทพมหานคร,ศูนย์ฝึกอาชีพจตุจักร2 (มีนบุรี),วิชาชีพ,ตามอัธยาศัย,,,มีนบุรี,,เขตมีนบุรี,18,ยังไม่ระบุขอบเขต/รูปแบบการเรียนรู้; ยังไม่ระบุกลุ่มเป้าหมาย
TZD-F5D049FE33,กรุงเทพมหานคร,ศูนย์ฝึกอาชีพวัดสุทธาวาส บางกอกน้อย,วิชาชีพ,ตามอัธยาศัย,,,บางกอกน้อย,,เขตบางกอกน้อย,19,ยังไม่ระบุขอบเขต/รูปแบบการเรียนรู้; ยังไม่ระบุกลุ่มเป้าหมาย
TZD-8BFB6AF5EC,กรุงเทพมหานคร,ศูนย์ฝึกอาชีพจตุจักร 1,วิชาชีพ,ตามอัธยาศัย,,,จตุจักร,,เขตจตุจักร 1,20,ยังไม่ระบุขอบเขต/รูปแบบการเรียนรู้; ยังไม่ระบุกลุ่มเป้าหมาย
TZD-B180E66780,กรุงเทพมหานคร,ศูนย์ฝึกอาชีพบางกะปิ,วิชาชีพ,ตามอัธยาศัย,,,บางกะปิ,,เขตบางกะปิ,21,ยังไม่ระบุขอบเขต/รูปแบบการเรียนรู้; ยังไม่ระบุกลุ่มเป้าหมาย
TZD-7EC7E4B93C,กรุงเทพมหานคร,โรงเรียนฝึกอาชีพกทม ดินแดง1,วิชาชีพ,นอกระบบ,,,ดินแดง,,เขตดินแดง,22,ยังไม่ระบุขอบเขต/รูปแบบการเรียนรู้; ยังไม่ระบุกลุ่มเป้าหมาย
TZD-95AB86D5FE,กรุงเทพมหานคร,โรงเรียนฝึกอาชีพกทม ดินแดง 2,วิชาชีพ,นอกระบบ,,,ดินแดง,,เขตดินแดง,23,ยังไม่ระบุขอบเขต/รูปแบบการเรียนรู้; ยังไม่ระบุกลุ่มเป้าหมาย
TZD-5F43312A79,กรุงเทพมหานคร,โรงเรียนฝึกอาชีพกทม คลองเตย,วิชาชีพ,นอกระบบ,,,คลองเตย,,เขตคลองเตย,24,ยังไม่ระบุขอบเขต/รูปแบบการเรียนรู้; ยังไม่ระบุกลุ่มเป้าหมาย
TZD-3651E4FDFA,กรุงเทพมหานคร,โรงเรียนฝึกอาชีพกทม ประเวศ,วิชาชีพ,นอกระบบ,,,คลองเตย,,เขตคลองเตย,25,ยังไม่ระบุขอบเขต/รูปแบบการเรียนรู้; ยังไม่ระบุกลุ่มเป้าหมาย
TZD-EAB6BAE396,กรุงเทพมหานคร,โรงเรียนฝึกอาชีพกทม หนองจอก,วิชาชีพ,นอกระบบ,,,หนองจอก,,เขตหนองจอก,26,ยังไม่ระบุขอบเขต/รูปแบบการเรียนรู้; ยังไม่ระบุกลุ่มเป้าหมาย
TZD-44295F7419,กรุงเทพมหานคร,โรงเรียนฝึกอาชีพกทม บางรัก,วิชาชีพ,นอกระบบ,,,บางรัก,,เขตบางรัก,27,ยังไม่ระบุขอบเขต/รูปแบบการเรียนรู้; ยังไม่ระบุกลุ่มเป้าหมาย
TZD-25BCB45919,กรุงเทพมหานคร,โรงเรียนฝึกอาชีพกทม หลวงพ่อทวีศักดิ์,วิชาชีพ,นอกระบบ,,,หนองแขม,,เขตหนองแขม,28,ยังไม่ระบุขอบเขต/รูปแบบการเรียนรู้; ยังไม่ระบุกลุ่มเป้าหมาย
TZD-ACF5CDEA6A,กรุงเทพมหานคร,โรงเรียนฝึกอาชีพกทม กาญจนสิงหาสน์,วิชาชีพ,นอกระบบ,,,ตลิ่งชัน,,เขตตลิ่งชัน,29,ยังไม่ระบุขอบเขต/รูปแบบการเรียนรู้; ยังไม่ระบุกลุ่มเป้าหมาย
TZD-00330ECD54,กรุงเทพมหานคร,โรงเรียนฝึกอาชีพกทม ม้วนบำรุงศิลป์,วิชาชีพ,นอกระบบ,,,ลาดพร้าว,,เขตลาดพร้าว,30,ยังไม่ระบุขอบเขต/รูปแบบการเรียนรู้; ยังไม่ระบุกลุ่มเป้าหมาย
TZD-A15CB44733,กรุงเทพมหานคร,โรงเรียนฝึกอาชีพกทม อาทร สังขวัฒนะ,วิชาชีพ,นอกระบบ,,,ทุ่งครุ,,เขตทุ่งครุ,31,ยังไม่ระบุขอบเขต/รูปแบบการเรียนรู้; ยังไม่ระบุกลุ่มเป้าหมาย
TZD-FD514893CC,กาญจนบุรี,"สกร, สพม, สพป, อาชีวะ, การศึกษาพิเศษ",วิชาการ,ในระบบ,เด็กอายุ 6-18 ปี,เทียบระดับการศึกษารูปแบบ Cradit Bank ด้วยการศึกษาไร้รอยต่อ,สังขละบุรี,พนมทวน,"อำเภอพนมทวน,อำเภอสังขละบุรี",32,
TZD-DC714D17D1,กาญจนบุรี,สถาบันพัฒนาฝีมือแรงงาน,วิชาชีพ,นอกระบบ,เด็กและเยาวชนนอกระบบ,ฝึกอบรมทักษะอาชีพระยะสั้นและเชื่อมโยง Cradit bank,ท่ามะกา,,อำเภอท่ามะกา จังหวัดกาญจนบุรี,33,
TZD-5CD25ADD2C,กาญจนบุรี,สถาบันอาชีวศึกษา,วิชาชีพ,นอกระบบ,เด็กและเยาวชนนอกระบบ,หลักสูตร ปวศ.รูปแบบที่ 3 สำหรับนักเรียนที่อยู่ห่างไกล,,,,34,
TZD-A1E7AE32BC,กาญจนบุรี,"สถานพินิจ, พมจ",วิชาชีวิต,ตามอัธยาศัย,เด็กเปราะบางและกลุ่มเสี่ยงออกนอกระบบการศึกษา,การฝึกทักษะอาชีพและการอยู่ร่วมกันในสังคม กิจกรรม to be number 1,,,สถานพินิจ บ้านพักเด็ก สถาบันเพาะกล้าคุณธรรม,35,
TZD-ED5F5924F4,กาฬสินธุ์,สกร.ระดับอำเภอทุกแห่ง,วิชาการ,นอกระบบ,เด็กและเยาวชนนอกระบบ อายุ 15 1ปีขึ้นไป,"จัดการศึกษาขั้นพื้นฐาน, การประเมินเทียบระดับการศึกษา",,,ทุกอำเภอในจังหวัดกาฬสินธุ์,36,
TZD-39BE0A8B9F,กาฬสินธุ์,สกร.ระดับตำบลทุกแห่ง,วิชาการ,นอกระบบ,เด็กและเยาวชนนอกระบบ อายุ 15 1ปีขึ้นไป,"จัดการศึกษาขั้นพื้นฐาน, การประเมินเทียบระดับการศึกษา",,,,37,
TZD-98FB884F69,กาฬสินธุ์,ศูนย์พัฒนาฝีมือแรงงานจังหวัดกาฬสินธุ์,วิชาชีพ,ตามอัธยาศัย,เยาวชนและประชาชนทั่วไป,กิจกรรมพัฒนาพื้นฐานอาชีพ และต่อยอดทักษะการเรียนรู้ เช่นสายช่าง สายดิจิทัล สายบริการ สายอาชีพทั่วไป,เมืองกาฬสินธุ์,,อำเภอเมืองกาฬสินธุ์,38,
TZD-521EC0164C,ขอนแก่น,โรงเรียนพุทธเกษมวิทยาลัย,วิชาการ,,เด็กและเยาวชนที่ต้องการการศึกษาในรูปแบบเฉพาะ,การจัดการศึกษายืดหยุ่น,น้ำพอง,วังไชย,ตำบลวังไชย อำเภอน้ำพอง จังหวัดขอนแก่น,39,ยังไม่ระบุรูปแบบการศึกษา
TZD-551A63F8D9,ขอนแก่น,ศูนย์เรียนรู้การพัฒนาสตรีและครอบครัวรัตนาภาจังหวัดขอนแก่น,วิชาชีพ,,ประชาชนทั่วไป,การจัดการศึกษาเพื่อสร้างอาชีพ,เมืองขอนแก่น,ศิลา,ตำบลศิลา อำเภอเมืองขอนแก่น จังหวัดขอนแก่น,40,ยังไม่ระบุรูปแบบการศึกษา
TZD-14AA764909,จันทบุรี,สกร. ระดับอำเภอ 10 อำเภอ,วิชาการ,นอกระบบ,เยาวชนที่หลุดออกนอกระบบการศึกษา,การจัดการศึกษาให้ผู้เรียนที่หลุดออกจากระบบและต้องการศึกษาต่อในระดับการศึกษาขั้นพื้นฐาน ทั้งแบบเทียบระดับการศึกษา และเพื่อคุณวุฒิตามระดับ,,,สกร.อำเภอทั้ง 10 อำเภอ,41,
TZD-64994899C9,จันทบุรี,วิทยาลัยสารพัดช่างจังหวัด,วิชาชีพ,นอกระบบ,เยาวชนที่ต้องการฝึกอาชีพ,ฝึกอบรมทักษะอาชีพระยะสั้น เช่น ช่างตัดผม ช่างตัดเย็บ ช่างงานฝีมือต่างๆ,เมืองจันทบุรี,วัดใหม่,ต.วัดใหม่ อ.เมือง จ.จันทบุรี,42,
TZD-740B33653E,จันทบุรี,วิทยาลัยการอาชีพ,วิชาชีพ,ในระบบ,เยาวชนที่ต้องการกลับเข้าระบบการศึกษา,รับผู้เรียนที่สนใจในสายงานอาชีพ,สอยดาว,,อ.สอยดาว อ.นายายอาม อ.เมืองจันทบุรี,43,ชื่อและจังหวัดตรงกับรายการอื่น แต่รายละเอียดต่างกัน
TZD-289741096C,จันทบุรี,วิทยาลัยการอาชีพ,วิชาชีพ,ในระบบ,เยาวชนที่ต้องการกลับเข้าระบบการศึกษา,รับผู้เรียนที่สนใจในสายงานอาชีพ,นายายอาม,,อ.นายายอาม,44,ชื่อและจังหวัดตรงกับรายการอื่น แต่รายละเอียดต่างกัน
TZD-986539B987,จันทบุรี,วิทยาลัยการอาชีพ,วิชาชีพ,ในระบบ,เยาวชนที่ต้องการกลับเข้าระบบการศึกษา,รับผู้เรียนที่สนใจในสายงานอาชีพ,เมืองจันทบุรี,,อ.เมืองจันทบุรี,45,ชื่อและจังหวัดตรงกับรายการอื่น แต่รายละเอียดต่างกัน
TZD-04A414C9A2,จันทบุรี,ศูนย์การเรียนรู้ปรัชญาเศรษฐกิจพอเพียงสวนลุงสมศักดิ์,วิชาชีวิต,ตามอัธยาศัย,เยาวชนและประชาชนที่สนใจ,ศูนย์การเรียนรู้เกี่ยวกับแนวคิดปรัชญาเศรษฐกิจพอเพียง,นายายอาม,กระแจะ,ต.กระแจะ อ.นายายอาม,46,
TZD-4ED2AAC8C1,จันทบุรี,สวนร่วมสมัย,วิชาชีวิต,ตามอัธยาศัย,เยาวชนและประชาชนที่สนใจ,แหล่งเรียนรู้เกี่ยวกับสมุนไพร,แก่งหางแมว,สามพี่น้อง,ต.สามพี่น้อง อ.แก่งหางแมว,47,
TZD-0E65B01858,จันทบุรี,โคกหนองนาโมเดล,วิชาชีวิต,ตามอัธยาศัย,เยาวชนและประชาชนที่สนใจ,แหล่งเรียนรู้เกี่ยวกับศาสตร์พระราชา,ท่าใหม่,ทุ่งเบญจา,ต.ทุ่งเบญจา อ.ท่าใหม่,48,
TZD-B5A8419632,ชลบุรี,สถาบันวิทยาศาสตร์ทางทะเล,วิชาการ,นอกระบบ,นักเรียน/นักศึกษา/ประชาชน,การเรียนรู้เกี่ยวกับวงจรสิ่งมีชีวิตใต้ทะเลหรือการเพาะเลี้ยงสัตว์น้ำ,เมืองชลบุรี,,อ.เมือง จ.ชลบุรี,49,
TZD-838FE4427B,ชลบุรี,ศูนย์ฝึกอาชีพชุมชนวัดนอก,วิชาชีพ,นอกระบบ,ประชาชนทั่วไปที่สนใจ,การจัดการศึกษาเรียนรู้วิชาชีพ เช่น ตัดผมชาย เสริมสวย ตัดเย็บเสื้อผ้า,เมืองชลบุรี,,อ.เมือง จ.ชลบุรี,50,
TZD-51947A0869,ชลบุรี,สวนทรัพย์บริบูรณ์,วิชาชีวิต,ตามอัธยาศัย,ประชาชนทั่วไปที่สนใจ,เกษตรผสมผสาน แปลงผักปลอดสารพิษ,เกาะจันทร์,,อ.เกาะจันทร์ จ.ชลบุรี,51,
TZD-5C657FCA38,ชัยภูมิ,สกร. ระดับอำเภอและตำบล,วิชาการ,นอกระบบ,อายุ 15 ปี ขึ้นไป,(1) การศึกษาเพื่อพัฒนาคุณวุฒิตามระดับ (การศึกษาขึ้นพื้นฐาน) (2) การศึกษาเพื่อพัฒนาตนเอง (การศึกษาต่อเนื่อง) (3) การศึกษาเทียบระดับความรู้การศึกษาขั้นพื้นฐาน,,,"พื้นที่ในจังหวัดชัยภูมิ ทั้ง 16 อำเภอ 124 ตำบล 142 อปท 1,619 หมู่บ้าน",52,
TZD-F989A7D594,ชัยภูมิ,วิทยาลัยสารพัดช่างจังหวัดชัยภูมิ,วิชาชีพ,นอกระบบ,อายุ 15 ปี ขึ้ึ้นไป,ฝึกอบรมทักษะอาชีพระยะสั้น,,,พื้นที่ในจังหวัดในเมืองชัยภูมิ,53,
TZD-BBAC97AA97,ชัยภูมิ,สำนักงานพัฒนาฝีมือแรงงานจังหวัดชัยภูมิ,วิชาชีพ,นอกระบบ,เด็กและเยาวชนอายุ 15 ปีขึ้นไป,ฝึกอบรมช่างเชื่อมอุตสาหกรรมโรงงาน,,,พื้นที่ในเมืองชัยภูมิ,54,
TZD-44FFF4E3D1,ชัยภูมิ,สถาบันการเรียนรู้เพื่อปวงชนจังหวัดชัยภูมิ,วิชาชีวิต,ตามอัธยาศัย,จบมัธยมศึกษาตอนปลาย,บริการวิชาการแก่สังคม จัดการเรียนในระดับอุดมศึกษา หลักสูตรศิลปศาสตรบัณฑิต (ป ตรี),,,พื้นที่อำเภอเมืองชัยภูมิ,55,
TZD-2AD9C6EADA,ชุมพร,วิทยาลัยการอาชีพ,วิชาชีพ,ในระบบ,-,ปวช/ปวส,ท่าแซะ,,อ ท่าแซะ,56,ชื่อและจังหวัดตรงกับรายการอื่น แต่รายละเอียดต่างกัน
TZD-BF42895AA0,ชุมพร,วิทยาลัยการอาชีพ,วิชาชีพ,ในระบบ,-,ปวช/ปวส,หลังสวน,,อ หลังสวน,57,ชื่อและจังหวัดตรงกับรายการอื่น แต่รายละเอียดต่างกัน
TZD-77758F6FF4,ชุมพร,วิทยาลัยการอาชีพ,วิชาชีพ,ในระบบ,-,ปวช/ปวส,ทุ่งตะโก,,อ ทุ่งตะโก,58,ชื่อและจังหวัดตรงกับรายการอื่น แต่รายละเอียดต่างกัน
TZD-202766C121,ชุมพร,วิทยาลัยเกษตรและเทคโนโลยีชุมพร,วิชาชีพ,ในระบบ,เยาวชนอายุ 15 ปีขึ้นไป และประชาชนทั่วไป,ปวช/ปวส ฝึกอาชีพระยะสั้น โครงการในพระราชดำริ,,,-,59,
TZD-88255EC8BC,ชุมพร,วิทยาลัยประมงชุมพร,ยังไม่ระบุ,,,กระเช้าอาชีพ,,,,60,ยังไม่ระบุประเภทสถานที่; ยังไม่ระบุรูปแบบการศึกษา; ยังไม่ระบุกลุ่มเป้าหมาย
TZD-64938DA033,ชุมพร,สนน,วิชาชีพ,ในระบบ,เยาวชน (วุฒิ ม.3) อายุ 18 ปีขึ้นไป,โครงการเพิ่มทักษะอาชีพแก่นักเรียนที่ไม่ฝึกอาชีพระยะสั้น,เมืองชุมพร,ปากน้ำ,ต. ปากน้ำ อ เมืองชุมพร,61,
TZD-CCDDD66D91,ชุมพร,หน่วยงานในสังกัดกระทรวงแรงงาน,วิชาชีพ,ในระบบ,กลุ่มผู้สูงอายุ แรงงานนอกระบบ กลุ่มเปราะบาง และประชาชนทั่วไป,ฝึกอาชีพระยะสั้น รับงานไปทำที่บ้าน,เมืองชุมพร,,อ เมืองชุมพร,62,
TZD-A6435DD77B,ชุมพร,สพม/สพป.ชพ เขต 1 / สพป.ชม. เขต 2 สถานศึกษาเอกชน/ สถานศึกษาสังกัด อปท/ศพด,วิชาการ,ในระบบ,เด็กและเยาวชนที่ประสงค์ศึกษาต่อในระบบ,ระดับอนุบาล/ประถม/มัธยมศึกษา,,,จ ชุมพร,63,
TZD-1AABD460FA,ชุมพร,สกร,วิชาชีพ,ในระบบ,-,ประถมศึกษา/ มัธยมศึกษาตอนต้น-ปลาย/ฝึกอาชีพระยะสั้น,,,-,64,
TZD-6AC7682BC7,ชุมพร,สถาบันศึกษาทางไกล,ยังไม่ระบุ,,,,,,ส่วนกลาง,65,ยังไม่ระบุประเภทสถานที่; ยังไม่ระบุรูปแบบการศึกษา; ยังไม่ระบุขอบเขต/รูปแบบการเรียนรู้; ยังไม่ระบุกลุ่มเป้าหมาย
TZD-46F22955AB,ตราด,สกร ระดับอำเภอทุกแห่ง,วิชาการ,นอกระบบ,เด็กและเยาวชนนอกระบบอายุ 15 ปีขึ้นไป,จัดการเรียนการสอนเพื่อยกระดับการศึกษาขั้นพื้นฐานและการศึกษาต่อเนื่อง,,,7 อำเภอ,66,
TZD-5E6EB2D476,ตราด,โรงเรียนบ้านไม้รูด,วิชาการ,ในระบบ,เด็กและเยาวชนที่หลุดออกนอกระบบ,จัดการเรียนรู้ 3 รูปแบบ,คลองใหญ่,ไม้รูด,ตำบลไม้รูด อ คลองใหญ่,67,
TZD-5B3D0C7CD5,ตราด,โรงเรียนวัดคีรีวิหาร,วิชาการ,ในระบบ,เด็กและเยาวชนที่หลุดออกนอกระบบ,จัดการเรียนรู้ 3 รูปแบบ,เมืองตราด,ชำราก,ตำบล ชำราก อ เมืองตราด,68,
TZD-92B39EE668,ตราด,โรงเรียนเขาน้อยวิทยาคม,วิชาการ,ในระบบ,เด็กและเยาวชนในระบบ,ส่งเสริมอาชีพ,เมืองตราด,ห้วยแรง,ตำบลห้วยแร้ง อ เมืองตราด,69,ชื่อและจังหวัดตรงกับรายการอื่น แต่รายละเอียดต่างกัน
TZD-0056648519,ตราด,วิทยาลัยเทคนิคตราด,วิชาชีพ,ในระบบ,เยาวชนอายุ 15 ปีขึ้นไป (จบการศึกษาภาคบังคับ) เยาวชนและแรงงานนอกระบบ,การจัดการเรียนการสอนอาชีพ,เมืองตราด,บางพระ,ตำบลบางพระ อ เมือง,70,
TZD-F1D8245817,ตราด,สถาบันพัฒนาฝีมือแรงงาน 33,วิชาชีพ,นอกระบบ,"เยาวชนที่ต้องการทักษะ, แรงงานนอกระบบ","ฝึกอบรมทักษะอาชีพระยะสั้น (ช่างเชื่อม, ช่างแอร์, ช่างเย็บผ้า, ช่างยนต์)",บ่อไร่,นนทรีย์,ตำบล นนทรีย์ อำเภอบ่อไร่,71,
TZD-A779B29FE9,ตราด,วิทยาลัยสารพัดช่าง,วิชาชีพ,นอกระบบ,เยาวชนที่ต้องการมีทักษะ และแรงงานนอกระบบ,การจัดการเรียนการสอนอาชีพระยะสั้น,เมืองตราด,บางพระ,ตำบลบางพระ อำเภอเมือง,72,
TZD-631529A0D9,ตราด,วิทยาลัยอาชีพบอไร่,วิชาชีพ,นอกระบบ,เยาวชนที่ต้องการมีทักษะ,ฝึกอบรมทักษะอาชีพ,บ่อไร่,ช้างทูน,ตำบลช้างทูน อำเภอบ่อไร่,73,
TZD-A6CE5B220C,ตราด,สกร. ระดับอำเภอทุกแห่ง (ศูนย์ฝึกอาชีพชุมชน),วิชาชีพ,นอกระบบ,เยาวชนและประชาชนที่ต้องการมีทักษะอาชีพ,ฝึกอบรมทักษะอาชีพต่างๆ,เมืองตราด,งิ้วกระแจะ,ตำบลงิ้วกระแจะ อำเภอเมือง,74,ชื่อและจังหวัดตรงกับรายการอื่น แต่รายละเอียดต่างกัน
TZD-455834DF64,ตราด,สกร. ระดับอำเภอทุกแห่ง (ศูนย์ฝึกอาชีพชุมชน),วิชาชีพ,นอกระบบ,เยาวชนและประชาชนที่ต้องการมีทักษะอาชีพ,ฝึกอบรมทักษะอาชีพต่างๆ,เขาสมิง,เขาสมิง,ตำบลเขาสมิง อำเภอเขาสมิง,75,ชื่อและจังหวัดตรงกับรายการอื่น แต่รายละเอียดต่างกัน
TZD-244470D754,ตราด,สกร. ระดับอำเภอทุกแห่ง (ศูนย์ฝึกอาชีพชุมชน),วิชาชีพ,นอกระบบ,เยาวชนและประชาชนที่ต้องการมีทักษะอาชีพ,ฝึกอบรมทักษะอาชีพต่างๆ,คลองใหญ่,คลองใหญ่,ตำบลคลองใหญ่ อำเภอคลองใหญ่,76,ชื่อและจังหวัดตรงกับรายการอื่น แต่รายละเอียดต่างกัน
TZD-F0FDC592D0,ตราด,สกร. ระดับอำเภอทุกแห่ง (ศูนย์ฝึกอาชีพชุมชน),วิชาชีพ,นอกระบบ,เยาวชนและประชาชนที่ต้องการมีทักษะอาชีพ,ฝึกอบรมทักษะอาชีพต่างๆ,บ่อไร่,บ่อพลอย,ตำบลบ่อพลอย อำเภอบ่อไร่,77,ชื่อและจังหวัดตรงกับรายการอื่น แต่รายละเอียดต่างกัน
TZD-B3B9555EFA,ตราด,สกร. ระดับอำเภอทุกแห่ง (ศูนย์ฝึกอาชีพชุมชน),วิชาชีพ,นอกระบบ,เยาวชนและประชาชนที่ต้องการมีทักษะอาชีพ,ฝึกอบรมทักษะอาชีพต่างๆ,เกาะช้าง,บ่อพลอย,ตำบลเกะาช้าง อำเภอเกาะช้าง,78,ชื่อและจังหวัดตรงกับรายการอื่น แต่รายละเอียดต่างกัน
TZD-C972CED0E7,ตราด,สกร. ระดับอำเภอทุกแห่ง (ศูนย์ฝึกอาชีพชุมชน),วิชาชีพ,นอกระบบ,เยาวชนและประชาชนที่ต้องการมีทักษะอาชีพ,ฝึกอบรมทักษะอาชีพต่างๆ,เกาะกูด,เกาะกูด,ตำบลเกาะกูด อำเภอเกาะกูด,79,ชื่อและจังหวัดตรงกับรายการอื่น แต่รายละเอียดต่างกัน
TZD-5CF6157B23,ตราด,โรงเรียนเขาน้อยวิทยาคม,วิชาชีพ,ในระบบ,เยาวชนที่ต้องการพัฒนาทักษะอาชีพ,ส่งเสริมทักษะอาชีพให้แก่ผู้เรียน,เมืองตราด,ห้วยแร้ง,ตำบลห้วยแร้ง อำเภอเมือง,80,ชื่อและจังหวัดตรงกับรายการอื่น แต่รายละเอียดต่างกัน
TZD-059E4559E3,ตาก,สนง. ส่งเสริมการเรียนรู้จังหวัด/อำเภอ/ตำบล (กศน),วิชาการ,นอกระบบ,เยาวชนอายุ 15 ปีขึ้นไป,การศึกษาขั้นพื้นฐานและการศึกษาต่อเนื่อง,,,ทุกอำเภอ/ตำบลในจังหวัด,81,
TZD-BF2EACD92B,ตาก,สพฐ (1 โรงเรียน 3 รูปแบบ),วิชาการ,ในระบบ,เด็กและเยาวชน,จัดการเรียน 3 รูปแบบ,,,ตากเขต 2 / แม่สอด สพม. ตาก,82,
TZD-3C760FCFEA,ตาก,วิทยาลัยเทคนิคตาก,วิชาชีพ,ในระบบ,ปวช/ปวส,ฝึกอบรมทักษะวิชาชีพ,เมืองตาก,ป่ามะม่วง,ตำบลป่ามะม่วง อำเภอเมือง,83,
TZD-C5444FEAB6,ตาก,วิทยาลัยการอาชีพบ้านตาก,วิชาชีพ,ในระบบ,ปวช/ปวส,ฝึกอบรมทักษะวิชาชีพอาชีวศึกษา,บ้านตาก,ตากออก,ตำบลตากออก อำเภอบ้านตาก,84,
TZD-3CE0225726,ตาก,สถาบันพัฒนาฝีมือแรงงาน 43 จังหวัดตาก,วิชาชีพ,นอกระบบ,ประชาชน,ฝึกฝนวิชาชีพเพื่อพัฒนาฝีมือแรงงาน,เมืองตาก,น้ำรึม,ตำบลน้ำรึม อำเภอเมือง,85,ชื่อและจังหวัดตรงกับรายการอื่น แต่รายละเอียดต่างกัน
TZD-612370825E,ตาก,สถาบันพัฒนาฝีมือแรงงาน 43 จังหวัดตาก,วิชาชีพ,ตามอัธยาศัย,ประชาชน,ฝึกฝนวิชาชีพเพื่อพัฒนาฝีมือแรงงาน,เมืองตาก,น้ำรึม,ตำบลน้ำรึม อำเภอเมือง,86,ชื่อและจังหวัดตรงกับรายการอื่น แต่รายละเอียดต่างกัน
TZD-2498ADAB21,ตาก,สถาบันการอาชีวเกษตรภาค 1,วิชาชีพ,ในระบบ,"ปริญญาตรี, ปวช, ปวส",ฝึกฝนวิชาชีพเพื่อพัฒนาฝีมือแรงงาน,วังเจ้า,ประดาง,ตำบลประดาง อำเภอวังเจ้า,87,
TZD-42EE6591C5,ตาก,ศูนย์การเรียนรู้และขับเคลื่อนปรัชญาเศรษฐกิจพอเพียง,วิชาชีวิต,ตามอัธยาศัย,ประชาชน,การเรียนรู้ปรัชญาเศรษฐกิจพอเพียงในชีวิตประจำวัน,แม่สอด,แม่ปะ,ตำบลแม่ปะ อำเภอแม่สอด,88,
TZD-3380A22152,ตาก,ศูนย์การเรียนรู้เศรษฐกิจพอเพียง ร.14 พัน 1,วิชาชีวิต,ตามอัธยาศัย,ประชาชน,การเรียนรู้ปรัชญาเศรษฐกิจพอเพียงในชีวิตประจำวัน,เมืองตาก,แม่รึม,ตำบลแม่รึม อำเภอเมือง,89,
TZD-29F53E3A44,นครนายก,สกร. อ.เมือง,วิชาการ,นอกระบบ,เด็กและเยาวชนนอกระบบการศึกษาอายุ 15 ปีขึ้นไป,จัดการเรียนการสอนเพื่อเทียบระดับการศึกษาขั้นพื้นฐานและการศึกษาต่อเนื่อง,เมืองนครนายก,ท่าช้าง,ต.ท่าช้าง อ.เมือง,90,
TZD-2E5F5A73DD,นครนายก,สกร. อ.บ้านนา,วิชาการ,นอกระบบ,,,บ้านนา,บ้านนา,ต.บ้านนา อ.บ้านนา,91,ยังไม่ระบุขอบเขต/รูปแบบการเรียนรู้; ยังไม่ระบุกลุ่มเป้าหมาย
TZD-7193004A39,นครนายก,สกร. อ.ปากพลี,วิชาการ,นอกระบบ,,,ปากพลี,เกาะหวาย,ต.เกาะหวาย อ.ปากพลี,92,ยังไม่ระบุขอบเขต/รูปแบบการเรียนรู้; ยังไม่ระบุกลุ่มเป้าหมาย
TZD-6990C15A48,นครนายก,สกร. อ.องครักษ์,วิชาการ,นอกระบบ,,,องครักษ์,องครักษ์,ต.องครักษ์ อ.องครักษ์,93,ยังไม่ระบุขอบเขต/รูปแบบการเรียนรู้; ยังไม่ระบุกลุ่มเป้าหมาย
TZD-028646915D,นครนายก,วิทยาลัยเทคโนโลยีวีรพัฒน์นครนายก,วิชาชีพ,ในระบบ,ผู้จบม. 3 หรือเทียบเท่า,จัดการเรียนการสอนสายอาชีพ,เมืองนครนายก,นครนายก,ต.เมืองนครนายก อ.เมือง,94,
TZD-D0CF421C61,นครนายก,สำนักงานพัฒนาฝีมือแรงงานจังหวัดนครนายก,วิชาชีพ,นอกระบบ,ประชาชนผู้สนใจและผู้จบม. 3 ทุกช่วงวัย,ฝึกอบรมอาชีพระยะสั้น เช่น ช่างไฟฟ้า ช่างแอร์ เบเกอรี่ ช่างซ่อมรถยนต์ขนาดเล็ก ก่อสร้าง,ปากพลี,ปากพลี,ต.ปากพลี อ.ปากพลี,95,
TZD-36A0F8D9E9,นครนายก,สถาบันการอาชีวศึกษาภาคกลาง,วิชาชีพ,ในระบบ,ผู้เรียนระดับปวช. ปวส.,จัดการเรียนการสอนสายอาชีพ,เมืองนครนายก,นครยายก,ต.เมืองนครนายก อ.เมือง,96,
TZD-7A1F763799,นครนายก,วิทยาลัยเทคนิคนครนายก,วิชาชีพ,ในระบบ,ผู้เรียนระดับปวช. ปวส.,จัดการเรียนการสอนสายอาชีพ,เมืองนครนายก,นครนายก,ต.เมืองนครนายก อ.เมือง,97,
TZD-17CE03F11B,นครนายก,วิทยาลัยการอาชีพนครนายก,วิชาชีพ,ในระบบ,ผู้เรียนระดับปวช. ปวส.,จัดการเรียนการสอนสายอาชีพ,เมืองนครนายก,นครยายก,ต.เมืองนครนายก อ.เมือง,98,
TZD-AF1A6E6EA8,นครนายก,ศูนย์การศึกษาพิเศษมหาจักรีสิรินธรประจำจังหวัดนครนายก,วิชาชีวิต,นอกระบบ,เด็กพิการอายุ 1 - 18 ปี,จัดการศึกษาและฟื้นฟูสภาพในรูปแบบ “ระยะแรกเริ่ม” เพื่อเตรียมความพร้อมและช่วยเหลือตนเอง,เมืองนครนายก,ท่าช้าง,ต.ท่าช้าง อ.เมือง,99,
TZD-5DEC3559BD,นครนายก,ศูนย์พัฒนาครอบครัวในชุมชน (ศพค.),วิชาชีวิต,ตามอัธยาศัย,เด็ก เยาวชน และครอบครัวในชุมชน,จัดกิจกรรมพัฒนาทักษะชีวิต เช่น การจัดการอารมณ์ การป้องกันการตั้งครรภ์ไม่พร้อมในวัยรุ่น,,,45 ตำบล 4 อำเภอ,100,
TZD-AC6C1FFF3B,นครปฐม,สถาบันพัฒนาฝึมือแรงงาน 16 นครปฐม,วิชาชีพ,นอกระบบ/ตามอัธยาศัย,เด็กและเยาวชนอายุ 15 ปีขึ้นไป,ฝึกอาชีพสาขาต่างๆ เช่น ช่างไฟฟ้า ทำขนม ฯลฯ และหลักสูตระยะสั้น,เมืองนครปฐม,บางเลน,ตำบลบางเลน อำเภอดอนตูม,101,
TZD-A0239CA600,นครปฐม,วิทยาลัยอาชีวศึกษานครปฐม,วิชาการ,ในระบบ,นักเรียนที่จบการศึกษาภาคบังคับ (ม.3),ฝึกอาชีพ วิชาชีพ ตามหลักสูตร,เมืองนครปฐม,,อำเภอเมือง,102,
TZD-CBFC31E41D,นครปฐม,วิทยาลัยเทคนิคนครปฐม,วิชาการ,ในระบบ,นักเรียนที่จบการศึกษาภาคบังคับ (ม.3),ฝึกอาชีพ วิชาชีพ ตามหลักสูตร,เมืองนครปฐม,,อำเภอเมือง,103,
TZD-13211876F9,นครปฐม,วิทยาลัยเทคโนโลยีพัฒนบริหารธุรกิจ,วิชาการ,ในระบบ,นักเรียนที่จบการศึกษาภาคบังคับ (ม.3),ฝึกอาชีพ วิชาชีพ ตามหลักสูตร,เมืองนครปฐม,,อำเภอเมือง,104,
TZD-28E3DD5F01,นครปฐม,วิทยาลัยสารพัดช่างนครปฐม,วิชาการ,ในระบบ,นักเรียนที่จบการศึกษาภาคบังคับ (ม.3),ฝึกอาชีพ วิชาชีพ ตามหลักสูตร,เมืองนครปฐม,,อำเภอเมือง,105,
TZD-938BE7E1DA,นครปฐม,ช่างสำรวจนครปฐม,วิชาการ,ในระบบ,นักเรียนที่จบการศึกษาภาคบังคับ (ม.3),ฝึกอาชีพ วิชาชีพ ตามหลักสูตร,เมืองนครปฐม,,อำเภอเมือง,106,
TZD-A33C934CF4,นครปฐม,วิทยาลัยเทคโนโลยีนครปฐม,วิชาการ,ในระบบ,นักเรียนที่จบการศึกษาภาคบังคับ (ม.3),ฝึกอาชีพ วิชาชีพ ตามหลักสูตร,เมืองนครปฐม,,อำเภอเมือง,107,
TZD-9C4EDE1A99,นครปฐม,สถาบันการอาชีวศึกษาภาคกลาง 4,วิชาการ,ในระบบ,นักเรียนที่จบการศึกษาภาคบังคับ (ม.3),ฝึกอาชีพ วิชาชีพ ตามหลักสูตร,เมืองนครปฐม,,อำเภอเมือง,108,
TZD-D431FD4A26,นครปฐม,วิทยาลัยอาชีวศึกษา ทน. นครปฐม,วิชาการ,ในระบบ,นักเรียนที่จบการศึกษาภาคบังคับ (ม.3),ฝึกอาชีพ วิชาชีพ ตามหลักสูตร,เมืองนครปฐม,,อำเภอเมือง,109,
TZD-019DFF420D,นครปฐม,วิทยาลัยอาชีพบางแก้วฟ้า,วิชาชีพ,ในระบบ,นักเรียนที่จบการศึกษาภาคบังคับ (ม.3),ฝึกอาชีพ วิชาชีพ ตามหลักสูตร,นครชัยศรี,,อำเภอนครชัยศรี,110,
TZD-009EA35AD6,นครปฐม,วิทยาลัยเทคโนโลยีบริหารธุรกิจนครปฐม,วิชาชีพ,ในระบบ,นักเรียนที่จบการศึกษาภาคบังคับ (ม.3),ฝึกอาชีพ วิชาชีพ ตามหลักสูตร,นครชัยศรี,,อำเภอนครชัยศรี,111,
TZD-12407B0E2E,นครปฐม,วิทยาลัยเทคโนโลยีนาคประสิทธิ์บริหารธุรกิจ,วิชาชีพ,ในระบบ,นักเรียนที่จบการศึกษาภาคบังคับ (ม.3),ฝึกอาชีพ วิชาชีพ ตามหลักสูตร,สามพราน,,อำเภอสามพราน,112,
TZD-7A9D712158,นครปฐม,วิทยาลัยอาชีพนครปฐม,วิชาชีพ,ในระบบ,นักเรียนที่จบการศึกษาภาคบังคับ (ม.3),ฝึกอาชีพ วิชาชีพ ตามหลักสูตร,สามพราน,,อำเภอสามพราน,113,
TZD-D85DF3DD3E,นครปฐม,ศูนย์การเรียนรู้ชุมชนระดับตำบล (ศกร ระดับตำบล),วิชาการ,นอกระบบ/ตามอัธยาศัย,เด็กและเยาวชนนอกระบบ,จัดการศึกษาขั้นพื้นฐาน และเกี่ยวข้องกับทักษะอาชีพ,,,ทุกตำบล,114,
TZD-42E4E4E65D,นครปฐม,ศูนย์พัฒนาเด็กเล็ก (ศพด),วิชาการ,ในระบบ,เด็กปฐมวัย,จัดการศึกษาสำหรับเด็กปฐมวัย (2-4 ขวบ),,,อปท 112 แห่ง ใน 7 อำเภอ,115,
TZD-81241E26B4,นครปฐม,โรงเรียนในสังกัด อปท,วิชาการ,ในระบบ,เด็กอายุ 3 - 18 ปี,จัดการศึกษาขั้ั้นพื้นฐานให้เด็กนักเรียนตั้งแต่ 3-18 ปี,,,ทุกอำเภอ ยกเว้นอำเภอพุทธมลฑล,116,
TZD-AEED4A71AD,นครปฐม,ศูนย์การศึกษาพิเศษ,วิชาการ,ในระบบ,เด็กพิการหรือมีความบกพร่องทางการเรียนรู้,จัดการศึกษาสำหรับเด็กและเยาวชนที่พิการ,สามพราน,ล้อมใหญ่,ตำบลล้อมใหญ่ อำเภอสามพราน,117,
TZD-5E564DE8BC,นครปฐม,มหาวชิราลงกรณบาลีเถรวาทราชวิทยาลัย,วิชาชีวิต,นอกระบบ,เด็กและเยาวชนอายุไม่เกิน 18 ปี,จัดการเรียนการสอนตามหลักสูตรบาลี ประวัติศาสตร์,กำแพงแสน,,อำเภอกำแพงแสน,118,
TZD-1E8255DED8,นครพนม,สกร.นครพนม,วิชาชีวิต,ตามอัธยาศัย,ประชาชนทั่วไป,จัดกิจกรรมพัฒนาทักษะชีวิต (หลักสูตรระยะสั้น),,,สกร.ของทุกอำเภอ,119,
TZD-D2DA77944D,นครพนม,สกร.อำเภอเมือง,วิชาการ,นอกระบบ,อายุ 15 ปีขึ้นไป,จัดการเรียนการสอนเพื่อเทียบระดับการศีกษาขั้นพื้นฐานและการศึกษาต่อเนื่อง,เมืองนครพนม,ในเมือง,ต.ในเมือง อ.เมือง จ.นครพนม,120,
TZD-CC5A959422,นครพนม,สำนักงานเขตพื้นที่การศึกษานครพนม,วิชาการ,นอกระบบ,เด็กและเยาวชนอายุต่ำกว่า 15 ปี,จัดการเรียนการสอนเพื่อเทียบระดับการศีกษาขั้นพื้นฐาน,เมืองนครพนม,ในเมือง,ต.ในเมือง อ.เมือง จ.นครพนม,121,
TZD-068B1582F5,นครพนม,โรงเรียนพระปริยธรรมฯ วัดพระธาตุพนม,วิชาการ,ในระบบ,"พระ, เณร, เยาวชน",จัดการศึกษาแผนสามัญ (ระดับมัธยมต้น-ปลาย),ธาตุพนม,,อ.ธาตพนม,122,
TZD-B8CC9BD4F8,นครพนม,สถาบันพัฒนาทักษะฝีมือแรงงานนครพนม,วิชาชีพ,ตามอัธยาศัย,เด็กอายุ 15 ปีขึ้นไป จบม.3 เยาวชนที่ต้องการพัฒนาทักษะอาชีพ,ฝึกอาชีพระยะสั้น,เมืองนครพนม,,อ.เมือง,123,
TZD-66EC6F380B,นครราชสีมา,โรงเรียนบ้านโกรกลึก,วิชาการ,ในระบบ,เด็กประถม,"การปฏิรูปการเรียนรู้เชิงระบบ โดยใช้แนวทาง ""จิตศึกษา"" โดยใช้โครงการงานเป็นฐาน (PBL) และสร้างชุมชนแห่งการเรียนรู้ทางวิชาชีพ (PLC) เพื่อพัฒนาศักยภาพของผู้เรียนอย่างยั่งยืน",ด่านขุนทด,ตะเคียน,ตำบลตะเคียน อำเภอด่านขุนทด,124,
TZD-63B5142528,นครราชสีมา,ศูนย์การเรียนรู้ตำบล,วิชาชีพ,นอกระบบ,เยาวชนที่ต้องการมีทักษะอาชีพ เพื่อใช้ในการประกอบอาชีพ,ฝึกอบรมทักษะ หลักสูตรระยะสั้น,,,ตามแต่ละตำบล,125,
TZD-20A6EFC552,นครราชสีมา,สถาบันพัฒนาฝีมือแรงงาน,วิชาชีพ,ในระบบ,เยาวชนที่ต้องการมีทักษะอาชีพ เพื่อใช้ในการประกอบอาชีพ,ฝึกอบรมทักษะ หลักสูตรระยะสั้น,,,-,126,
TZD-4CF587C89C,นครราชสีมา,"วิทยาลัยอาชีวศึกษา, เทคนิค",วิชาชีพ,ในระบบ,เยาวชนที่ต้องการมีทักษะอาชีพ เพื่อใช้ในการประกอบอาชีพ,ฝึกอบรมทักษะ หลักสูตรระยะสั้น,,,-,127,
TZD-F6679303FD,นครราชสีมา,สถาบันพลังจิตตานุภาพ สาขา 90 วัดป่าสาลวัน นครราชสีมา,วิชาชีวิต,ตามอัธยาศัย,ประชาชนทั่วไป,หลักสูตรครูสมาธิ,เมืองนครราชสีมา,ในเมือง,ตำบลในเมือง อำเภอเมืองนครศรีธรรมราช,128,
TZD-2EE570053D,นครศรีธรรมราช,วิทยาลัยสารพัดช่าง,วิชาชีพ,นอกระบบ,เยาวชนที่ต้องการฝึกอาชีพ,ฝึกอบรมอาชีพระยะสั้น,เมืองนครศรีธรรมราช,,อำเภอเมืองนครศรีธรรมราช,129,
TZD-D2347E705D,นครศรีธรรมราช,สถาบันพัฒนาฝีมือแรงงาน,วิชาชีพ,นอกระบบ,เยาวชนที่ต้องการฝึกอาชีพ,ฝึกอบรมอาชีพระยะสั้น,เมืองนครศรีธรรมราช,,อำเภอเมืองนครศรีธรรมราช,130,
TZD-2A2E899A8F,นครศรีธรรมราช,วิทยาลัยเกษตรและเทคโนโลยีนครศรีธรรมราช,วิชาชีพ,ในระบบ,เยาวชนที่ต้องการเข้าศึกษา,จัดการเรียนการสอนสายอาชีพ,ช้างกลาง,,อำเภอช้างกลาง,131,
TZD-7A47295746,นครศรีธรรมราช,วิทยาลัยพยาบาล,วิชาชีพ,นอกระบบ,เยาวชนที่ต้องการเข้าศึกษา,ฝึกอบรมอาชีพผู้ช่วยพยาบาล,เมืองนครศรีธรรมราช,,อำเภอเมืองนครศรีธรรมราช,132,
TZD-4FC4FADBB6,นครศรีธรรมราช,ศูนย์พัฒนาครอบครัวในตำบล,วิชาชีวิต,ตามอัธยาศัย,เด็กและเยาวชนในชุมชน,จัดกิจกรรมพัฒนาทักษะชีวิต,,,ทุกตำบล,133,
TZD-62385967B6,นครศรีธรรมราช,ศูนย์การศึกษาพิเศษนครศรีธรรมราช,วิชาชีวิต,ในระบบ,เด็กพิเศษ,จัดการเรียนการสอนให้เด็กพิเศษ,พระพรหม,,อำเภอพระพรหม,134,
TZD-4BD361DDD9,นครศรีธรรมราช,สกร. อำเภอทั้ง 23 อำเภอ,วิชาการ,นอกระบบ,เยาวชนอายุ 15 ปีขึ้นไป,จัดการเรียนการสอนเพื่อเทียบระดับการศึกษาขั้นพื้นฐาน และการศึกษาต่อเนื่อง,,,ทุกอำเภอ,135,
TZD-F3A73221AD,นครศรีธรรมราช,ศูนย์การเรียนรู้โรงเรียนมือถือ,วิชาการ,นอกระบบ,เยาวชนอายุ 15 ปีขึ้นไป,จัดการเรียนการสอนเพื่ื่อเทียบระดับการศึกษาขั้นพื้นฐาน,ท่าศาลา,,อำเภอท่าศาลา,136,
TZD-B0FA628359,นครสวรรค์,สำนักงานส่งเสริมการเรียนรู้ประจำจังหวัด/อำเภอ,วิชาการ,ในระบบ,เด็กและเยาวชนนอกระบบการศึกษาที่อายุ 15 ปีขึ้นไป,จัดการเรียนการสอนขั้นพื้นฐาน,,,ทุกอำเภอในจังหวัดนครสวรรค์,137,
TZD-48D4CBF92E,นครสวรรค์,สำถาบันพัฒนาฝีมือแรงงาน 8 นครสวรรค์,วิชาชีพ,ตามอัธยาศัย,1) เด็กและเยาวชนที่จบ ม.3 และยังไม่ได้เรียนต่อ 2) กลุ่มเด็กและเยาวชนที่ต้องการทักษะในการประกอบอาชีพ,ส่งเสริมและพัฒนาทักษะฝีมือแรงงานในพื้นที่จังหวัดนครสวรรค์ เช่น ช่างไฟฟ้า ช่างเชื่อม ช่างยนต์,เมืองนครสวรรค์,นครสวรรค์ออก,159 หมู่ 1 ถนนสายเอเซีย ตำบลนครสวรรค์ออกอำเภอเมือง จังหวัดนครสวรรค์,138,
TZD-3128B4CD28,นครสวรรค์,วิทยาลัยเทคนิคนครสวรรค์,วิชาชีพ,ในระบบ,เด็กอายุ 15 ปีที่จบการศึกษาชั้นม.3 และเรียนต่อในสายปวช. ปวส.,จัดการเรียนการสอนในการฝึกอบรมวิชาชีพ โดยเพิ่มพัฒนากำลังคน,,,,139,
TZD-3C303F7F8F,นครสวรรค์,วิทยาลัยอาชีวศึกษานครสวรรค์,วิชาชีพ,ในระบบ,เด็กอายุ 15 ปีที่จบการศึกษาชั้นม.3 และเรียนต่อในสายปวช. ปวส.,จัดการเรียนการสอนในการฝึกอบรมวิชาชีพ โดยเพิ่มพัฒนากำลังคน,,,,140,
TZD-3B8670F2C9,นครสวรรค์,วิทยาลัยเกษตรและเทคโนโลยี,วิชาชีพ,ในระบบ,เด็กอายุ 15 ปีที่จบการศึกษาชั้นม.3 และเรียนต่อในสายปวช. ปวส.,จัดการเรียนการสอนในการฝึกอบรมวิชาชีพ โดยเพิ่มพัฒนากำลังคน,,,,141,
TZD-9C03D21D66,นครสวรรค์,วิทยาลัยการอาชีพบรรพตพิสัย,วิชาชีพ,ในระบบ,เด็กอายุ 15 ปีที่จบการศึกษาชั้นม.3 และเรียนต่อในสายปวช. ปวส.,จัดการเรียนการสอนในการฝึกอบรมวิชาชีพ โดยเพิ่มพัฒนากำลังคน,,,,142,
TZD-5B2EBF7352,นครสวรรค์,วิทยาลัยการอาชีพนครสวรรค์,วิชาชีพ,ในระบบ,เด็กอายุ 15 ปีที่จบการศึกษาชั้นม.3 และเรียนต่อในสายปวช. ปวส.,จัดการเรียนการสอนในการฝึกอบรมวิชาชีพ โดยเพิ่มพัฒนากำลังคน,,,,143,
TZD-8CC98F9AD0,นครสวรรค์,โรงเรียนเอกชนนอกระบบการศึกษา เช่น ศิลปะ กีฬา ดนตรี วิชาชีพ ทำอาหาร,วิชาชีวิต,นอกระบบ,ผู้ที่มีความสนใจ,จัดการเรียนการสอนแบบยืดหยุ่นตามความต้องการของผู้เรียน,,,,144,
TZD-57BB27A4DE,นนทบุรี,ศูนย์การเรียนรู้ระดับตำบล,วิชาการ,นอกระบบ,เด็กและเยาวชนอายุ 15 ปีขึ้นไป,จัดการเรียนรู้เพื่อคุณวุฒิตามระดับ,,,ตำบลในจ.นนทบุรี,145,
TZD-3F941CBC96,นนทบุรี,วิทยาลัยเทคโนโลยีปัญญาภิวัฒน์,วิชาการ,ในระบบ,,,,,,146,ยังไม่ระบุขอบเขต/รูปแบบการเรียนรู้; ยังไม่ระบุกลุ่มเป้าหมาย
TZD-CCB2E6C9BA,นนทบุรี,วิทยาลัยเทคนิคนนทบุรี,วิชาการ,ในระบบ,,,,,,147,ยังไม่ระบุขอบเขต/รูปแบบการเรียนรู้; ยังไม่ระบุกลุ่มเป้าหมาย
TZD-DAE738695C,นนทบุรี,สถาบันพัฒนาฝีมือแรงงาน,วิชาชีพ,นอกระบบ,เด็กและเยาวชนที่จบการศึกษาภาคบังคับไม่มีงานทำ,ฝึกอบรมหลักสูตรระยะสั้นและระยะยาว เช่น ช่างซ่อม ช่างตัดผม,บางใหญ่,บางม่วง,ต.บางม่วง อ.บางใหญ่,148,
TZD-0CDDC8BC7C,นนทบุรี,แหล่งการเรียนรู้ชุมชนเกาะเกร็ด,วิชาชีวิต,ตามอัธยาศัย,เด็กและเยาวชนในจ.นนทบุรี,การเรียนรู้ตลอดชีวิต,ปากเกร็ด,,อ.ปากเกร็ด,149,
TZD-300294BF1C,นนทบุรี,ศูนย์การเรียนรู้เศรษฐกิขพอเพียง (สวนลุยต่อ),วิชาชีวิต,ตามอัธยาศัย,,,เมืองนนทบุรี,,อ.เมือง,150,ยังไม่ระบุขอบเขต/รูปแบบการเรียนรู้; ยังไม่ระบุกลุ่มเป้าหมาย
TZD-A58B89B266,นนทบุรี,ศูนย์การเรียนรู้บ้านวัดแดง,วิชาชีวิต,ตามอัธยาศัย,,,เมืองนนทบุรี,,อ.เมือง,151,ยังไม่ระบุขอบเขต/รูปแบบการเรียนรู้; ยังไม่ระบุกลุ่มเป้าหมาย
TZD-72F7B3258F,นนทบุรี,สหกิจชุมชน 8 ไร่,วิชาชีวิต,ตามอัธยาศัย,,,,,อ.เมือง,152,ยังไม่ระบุขอบเขต/รูปแบบการเรียนรู้; ยังไม่ระบุกลุ่มเป้าหมาย
TZD-AB9F61FF02,นนทบุรี,หมู่บ้านท่องเที่ยว OTOP,วิชาชีวิต,ตามอัธยาศัย,,,,,ทุกชุมชนในจ.นนทบุรี,153,ยังไม่ระบุขอบเขต/รูปแบบการเรียนรู้; ยังไม่ระบุกลุ่มเป้าหมาย
TZD-A999174C11,นราธิวาส,สกร อำเภอ (ประจำอำเภอ),วิชาการ,นอกระบบ,เด็กอายุ 15 ปีขึ้นไป,เทียบการศึกษาขั้นพื้นฐาน การศึกษาต่อเนื่อง,,,13 อำเภอ,154,
TZD-D475DE66CF,นราธิวาส,สพร. 25 นราธิวาส,วิชาชีพ,ตามอัธยาศัย,เด็กอายุ 15 ปีขึ้นไป,การเรียน การสอนทักษะอาชีพ,เมืองนราธิวาส,,เมืองนราธิวาส,155,
TZD-83761DCF03,นราธิวาส,ศพด,วิชาชีวิต,ตามอัธยาศัย,เด็กและครอบครัว,จัดกิจกรรมทักษะชีวิตครอบครัว,เมืองนราธิวาส,,เมืองนราธิวาส,156,
TZD-82C9E8433D,นราธิวาส,ศูนย์การศึกษาพิเศษประจำจังหวัด/อำเภอ,วิชาชีวิต,ในระบบ,เด็กพิการ,จัดการศึกษาสำหรับเด็กพิการ,,,13 อำเภอ,157,
TZD-224DF4E497,นราธิวาส,ศูนย์ฝึกอาชีพพระราชทาน,วิชาชีพ,นอกระบบ,เยาวชนที่ต้องการฝึกอาชีพ,ฝึกอบรมทักษะอาชีพ,,,รร ราชประชานุเคราะห์,158,
TZD-69363ABCDD,น่าน,สกร.จังหวัดน่าน,วิชาการ,,"เยาวชน, ผู้ใหญ่, ผู้ไม่รู้หนังสือ",การศึกษานอกระบบ/ ต่อเนื่อง พัฒนาทักษะชีวิต,เมืองน่าน,ในเวียง,ต.ในเวียง อ.เมืองน่าน จ.น่าน,159,ยังไม่ระบุรูปแบบการศึกษา
TZD-31DC0EB588,น่าน,วิทยาลัยเทคนิคน่าน,วิชาการ,ในระบบ,นักเรียนและนักศึกษา,"การศึกษาอาชีวศึกษา, วิชาชีพเฉพาะทาง",เมืองน่าน,,อ.เมือง จ.น่าน,160,
TZD-96C2A00103,น่าน,วิทยาลัยชุมชนน่าน,วิชาการ,,ประชาชน นักศึกษา,"การศึกษาระดับอนุปริญญา, พัฒนาทักษะอาชีพ",เมืองน่าน,,อ.เมือง จ.น่าน,161,ยังไม่ระบุรูปแบบการศึกษา
TZD-D2B22F4F54,น่าน,ศูนย์การเรียนรู้นันทสิปปาคาร จังหวัดน่าน พื้นที่ส่งเสริม ...,วิชาการ,,"เด็กและเยาวชน, ประชาชน, ผู้สนใจด้านศิลปะ","การเรียนรู้ด้านศิลปวัฒนธรรม, งานหัตถกรรมและภูมิปัญญาท้องถิ่น ้ช่น การวาดภาพ งานประดิษฐ์ งานฝีมือพื้นบ้าน",เมืองน่าน,ในเวียง,ต.ในเวียง อ.เมืองน่าน จ.น่าน,162,ยังไม่ระบุรูปแบบการศึกษา
TZD-ADF0B3B248,น่าน,สำนักงานพัฒนาฝีมือแรงงาน,วิชาชีพ,,แรงงาน ประชาชน,ฝึกอบรมอาชีพ/ ยกระดับทักษะแรงงาน,เมืองน่าน,,อ.เมือง,163,ยังไม่ระบุรูปแบบการศึกษา
TZD-CCD74202B8,น่าน,กลุ่มทอผ้าพื้นเมือง/ ผ้าล้านนา,วิชาชีพ,,ชุมชน กลุ่มสตรี,"การทอผ้า, การย้อมสีธรรมชาติ",ปัว,บ่อเกลือ,อ.ปัว บ่อเกลือ,164,ยังไม่ระบุรูปแบบการศึกษา
TZD-5FE6368B9D,น่าน,รพ.สต.,วิชาชีวิต,,ประชาชนทุกช่วงวัย,สุขภาพ โภชนาการ ป้องกันโรค,,,ทุกตำบล,165,ยังไม่ระบุรูปแบบการศึกษา
TZD-8E64B46A91,น่าน,อบต./ เทศบาล,วิชาชีวิต,,ประชาชน,การพัฒนาชีวิตแวดล้อม,,,ทุกพื้นที่,166,ยังไม่ระบุรูปแบบการศึกษา
TZD-8907850276,บุรีรัมย์,สกร อำเภอ,วิชาการ,ตามอัธยาศัย,เด็กอายุ 15 ปี ขึ้นไป,"ประถมต้น-ปลาย, มัธยมศึกษาตอนต้น-ปลาย",,,,167,
TZD-0AAB0F93BE,บุรีรัมย์,โรงเรียนสังกัดสพฐ,วิชาการ,ในระบบ,3 - 18 ปี,อนุบาล - ม. 6,,,,168,
TZD-F850C32202,บุรีรัมย์,โรงเรียนสังกัดเอกชน,วิชาการ,ในระบบ,3 - 18 ปี,อนุบาล - ม. 6,,,,169,
TZD-661BB1FE8E,บุรีรัมย์,วิทยาลัยอาชีวะในจังหวัดบุรีรัมย์,วิชาชีพ,ในระบบ,นศ อายุ 15 - 21 ปี,ปวช-ปริญญาตรี,,,12 อำเภอ,170,
TZD-819A860687,บุรีรัมย์,สถาบันพัฒนาฝีมือแรงงานเขต 37,วิชาชีพ,นอกระบบ,ขึ้นอยู่กับโครงการฯ,ผู้สนใจสมัครเรียน,เมืองบุรีรัมย์,,1 อำเภอ (อำเภอเมือง),171,
TZD-099ADBB1D4,บุรีรัมย์,โรงเรียนเอกชนนอกระบบ เช่น รร สอนดนตรี รร สอนนวดแผนไทย,วิชาชีพ,นอกระบบ,ผู้สนใจสมัครเรียน,ผู้สนใจสมัครเรียน,เมืองบุรีรัมย์,,1 อำเภอ (อำเภอเมือง),172,
TZD-0705734EDB,บุรีรัมย์,ศูนย์เรียนรู้เศรษฐกิจพอเพียง,วิชาชีวิต,นอกระบบ,ผู้สนใจศึกษา,ผู้สนใจเข้าศึกษา,ห้วยราช,,1 อำเภอ (อำเภอห้วยราช),173,
TZD-250902BE0E,ปทุมธานี,ศูนย์ สกร. ตำบล,วิชาการ,นอกระบบ,เด็กอายุตั้งแต่ 15 ปีขึ้นไป,จัดการเรียนการสอนขั้นพื้นฐาน,ลำลูกกา,ลำลูกกา,ต.ลำลูกกา อ.ลำลูกกา จ.ปทุมธานี,174,
TZD-C89B900E2F,ปทุมธานี,วิทยาลัยการอาชีวศึกษา จ.ปทุมธานี,วิชาชีพ,ในระบบ,เด็กที่ต้องการฝึกทักษะอาชีพ,หลักสูตรต่อเนื่องเชื่อมโยง,เมืองปทุมธานี,,อ.เมือง จ.ปทุมธานี,175,
TZD-AAB15A2F15,ปทุมธานี,สถาบันพัฒนาฝีมือแรงงาน 14 ปทุมธานี,วิชาชีวิต,ตามอัธยาศัย,เด็กและเยาวชนอายุ 15-25 ปี,หลักสูตรระยะสั้น ฝึกอาชีพ เพื่อการมีงานทำ,ธัญบุรี,,อ.ธัญบุรี จ.ปทุมธานี,176,
TZD-39C083634D,ปัตตานี,กศน.,วิชาการ,ตามอัธยาศัย,เด็กกลุ่มเป้าหมายทั่วไปที่ต้องการเรียนรู้,หลักสูตรที่สกร.กำหนด,เมืองปัตตานี,,อ.เมืองปัตตานี,177,
TZD-14A1F7EFB6,ปัตตานี,สถาบันพัฒนาฝีมือแรงงานจังหวัด,วิชาชีพ,ในระบบ,เด็กกลุ่มเป้าหมายที่ไม่ต้องการศึกษาต่อ,หลักสูตรที่เหมาะสมตามที่สถาบันพัฒนาฝีมือแรงงานกำหนด,เมืองปัตตานี,,อ.เมืองปัตตานี,178,
TZD-D2EF8AAC45,ปัตตานี,บริษัทเอกชนที่ทำ MOU ร่วมกับโครงการ TZD จังหวัดปัตตานี,วิชาชีวิต,นอกระบบ,เด็กกลุ่มเป้าหมายทั่วไปที่ต้องการเรียนรู้,ทำงานในสถานที่จริงโดยมีระบบติดตามและประเมินผลตามรอบ,เมืองปัตตานี,,อ.เมืองปัตตานี,179,
TZD-B7C79BB5C5,พระนครศรีอยุธยา,ศูนย์การส่งเสริมการเรียนรู้,วิชาการ,นอกระบบ,เด็กและเยาวชนนอกระบบการศึกษา อายุ 15 ปีขึ้นไป,จัดการเรียนการสอนเพื่อเทียบระดับการศึกษาขั้นพื้นฐาน และการศึกษาต่อเนื่อง,,,ทุกๆ อำเภอในจังหวัด,180,
TZD-64A757F7BB,พระนครศรีอยุธยา,สถาบันพัฒนาฝีมือแรงงาน 15,วิชาชีพ,นอกระบบ,เยาวชนที่ต้องการมีทักษะอาชีพ,ฝึกอบรมทักษะอาชีพระยะสั้น,นครหลวง,บางระกำ,ตำบลบางระกำ อำเภอนครหลวง,181,
TZD-C9173C71CC,พระนครศรีอยุธยา,จัดนิเวศประวัติ (วิทยาลัยเสริมทักษะ พระภิกษุ สามเณร),วิชาชีวิต,ตามอัธยาศัย,เด็กและเยาวชนอายุ 12 ปีขึ้นไป,การปฏิบัติธรรม,บางปะอิน,บ้านเลน,ตำบลบ้านเลน อำเภอบางปะอิน,182,
TZD-16A8D40D9B,พะเยา,สกร.อำเภอเมือง,วิชาการ,นอกระบบ,ประชาชนทุกช่วงวัย,"จัดการเรียนรู้ 3 รูปแบบ, 1.การเรียนรู้ตลอดชีวิต, 2.การเรียนรู้เพื่อการพัฒนาตนเอง, 3.การเรียนรู้เพื่อคุณวุฒิตามระดับ",เมืองพะเยา,บ้านต๋อม,ต.บ้านต๋อม อ.เมืองพะเยา จ.พะเยา,183,
TZD-EFFA5BFFF8,พะเยา,สถาบันพัฒนาฝีมือแรงงานจังหวัดพะเยา,วิชาชีพ,นอกระบบ,เยาวชนที่ต้องการฝึกทักษะอาชีพแรงงานนอกระบบ,ฝึกอบรมทักษะอาชีพเป็นหลักสูตรระยะสั้น,เมืองพะเยา,แม่กา,ต.แม่กา อ.เมืองพะเยา จ.พะเยา,184,
TZD-9121B0A4AF,พะเยา,ศูนย์ส่งเสริมคุณภาพชีวิตทุกช่วงวัย,วิชาชีวิต,ตามอัธยาศัย,3 ช่วงวัย เด็ก/ผู้ใหญ่/ผู้สูงอายุ,จัดกิจกรรมพัฒนาทักษะชีวิต การฝึกทักษะวิชาชีพ โดยเสริมสร้างคุณภาพชีวิต ตามนโยบายลดรายจ่ายเพิ่มรายได้,เมืองพะเยา,บ้านใหม่,โรงเรียนบ้านโป่ง ต.บ้านใหม่ อ.เมืองพะเยา จ.พะเยา,185,
TZD-32603A9D48,พังงา,ศกร. ระดับอำเภอ,วิชาการ,นอกระบบ,เด็กและเยาวชนนอกระบบการศึกษา อายุ 15 ปีขึ้นไป,จัดการเรียนการสอนเพื่อเทียบระดับการศึกษาขั้นพื้นฐาน และการศึกษาต่อเนื่อง,,,8 อำเภอ 48 ตำบล ในจังหวัดพังงา,186,
TZD-F572A8F0AF,พังงา,วิทยาลัยชุมชน จังหวัดพังงา,วิชาการ,ตามอัธยาศัย,ผู้จบ ม.6 หรือเทียบเท่าที่ต้องการเรียนต่ออนุปริญญาในสาขาวิชาชีพ,การพัฒนาทักษะอาชีพ เน้นจบมัธยมปลายหรือเทียบเท่า,ทับปุด,ทับปุด,ตำบลทับปุด อำเภอทับปุด จังหวัดพังงา,187,
TZD-6390291BD4,พังงา,วิทยาลัยในสังกัดอาชีวศึกษา วก. ตะกั่วป่า,วิชาชีพ,ในระบบ,เด็กและเยาวชนอายุ 15 ปีขึ้นไป ที่จบการศึกษาภาคบังคับต้องการฝึกอาชีพเฉพาะ,จัดการเรียนการสอนด้านทักษะอาชีพ เช่น ช่างไฟฟ้า การท่องเที่ยว การเกษตร อุตสาหกรรมและบริหารธุรกิจ,ตะกั่วป่า,,อ.ตะกั่วป่า,188,
TZD-35C3BDBE0F,พังงา,วิทยาลัยในสังกัดอาชีวศึกษา วก. ท้ายเหมือง,วิชาชีพ,ในระบบ,เด็กและเยาวชนอายุ 15 ปีขึ้นไป ที่จบการศึกษาภาคบังคับต้องการฝึกอาชีพเฉพาะ,จัดการเรียนการสอนด้านทักษะอาชีพ เช่น ช่างไฟฟ้า การท่องเที่ยว การเกษตร อุตสาหกรรมและบริหารธุรกิจ,ท้ายเหมือง,,อ.ท้ายเหมือง,189,
TZD-C7011FB459,พังงา,วิทยาลัยในสังกัดอาชีวศึกษา วิทยาลัยเทคนิคพังงา,วิชาชีพ,ในระบบ,เด็กและเยาวชนอายุ 15 ปีขึ้นไป ที่จบการศึกษาภาคบังคับต้องการฝึกอาชีพเฉพาะ,จัดการเรียนการสอนด้านทักษะอาชีพ เช่น ช่างไฟฟ้า การท่องเที่ยว การเกษตร อุตสาหกรรมและบริหารธุรกิจ,เมืองพังงา,,อ.เมือง,190,
TZD-DF8FE0DDE0,พังงา,วิทยาลัยในสังกัดอาชีวศึกษา วิทยาลัยเกษตรและเทคโนโลยี,วิชาชีพ,ในระบบ,เด็กและเยาวชนอายุ 15 ปีขึ้นไป ที่จบการศึกษาภาคบังคับต้องการฝึกอาชีพเฉพาะ,จัดการเรียนการสอนด้านทักษะอาชีพ เช่น ช่างไฟฟ้า การท่องเที่ยว การเกษตร อุตสาหกรรมและบริหารธุรกิจ,ตะกั่วป่า,,อ.ตะกั่วป่า,191,
TZD-527B55E701,พังงา,ศูนย์พัฒนาฝีมือแรงงาน จ.พังงา,วิชาชีพ,นอกระบบ,ผู้จบการศึกษาภาคบังคับที่ต้องฝึกอาชีพแทนการเรียนต่อ,ฝึกอบรมทักษะอาชีพระยะสั้น,,,ตำบลทับปุด อำเภอทับปุด จังหวัดพังงา,192,
TZD-65BC6A73C9,พัทลุง,ศูนย์พัฒนาครอบครัวในชุมชน (ศพค.) ทุกตำบล,วิชาชีวิต,ตามอัธยาศัย,เด็ก เยาวชน และสมาชิกในครอบครัวทุกช่วงวัย รวมถึงชุมชน,"1. กิจกรรมการฝึกและพัฒนาทักษะชีวิตต่างๆ ให้กับเด็กและครอบครัว เช่น ทักษะสื่อสาร การสร้างสัมพันธภาพในครอบครัว EF , 2. กิจกรรมค่ายครอบครัวต่างๆ",,,ศพค.ทุกตำบล (อยู่ที่ อปท.),193,
TZD-2E50844239,พัทลุง,ศูนย์ร่วมสุข,วิชาชีวิต,ตามอัธยาศัย,เด็ก เยาวชน และสมาชิกในครอบครัวทุกช่วงวัย รวมถึงชุมชน,เป็นศูนย์ที่ขับเคลื่อนและสร้างกลไกในชุมชน เพื่อพัฒนาคนทุกช่วงวัย โดยบูรณาการด้านอาชีพ สวัสดิการสังคม และสุขภาพ เน้นกลุ่มเปราะบางในชุมชน เพื่อยกระดับคุณภาพชีวิตให้ชุมชนเข้มแข็ง,บางแก้ว,ท่ามะเดื่อ,ทต. ท่ามะเดื่อ อ.บางแก้ว จ.พัทลุง,194,
TZD-5A008BB7FF,พัทลุง,โรงเรียนผู้สูงอายุ,วิชาชีวิต,ตามอัธยาศัย,"ผู้สูงอายุ , ผู้ที่จะเป็นผู้สูงอายุในอนาคต , เด็กที่ได้รับความรู้ด้านคลังปัญญา",กิจกรรมฝึกและพัฒนาทักษะ คลังปัญญาของผู้สูงอายุ,,,โรงเรียนผู้สูงอายุ 38 แห่งในจังหวัดพัทลุง,195,
TZD-65D4F8B409,พัทลุง,วิทยาลัยสารพัดช่างพัทลุง,วิชาชีพ,นอกระบบ,เยาวชนที่ต้องการมีทักษะอาชีพ แรงงานนอกระบบ,ฝึกอบรมทักษะอาชีพระยะสั้น,เมืองพัทลุง,คูหาสวรรค์,ต.คูหาสวรรค์ อ.เมือง จ.พัทลุง,196,
TZD-50A912A8B5,พัทลุง,วิทยาลัยการอาชีพบางแก้ว,วิชาชีพ,นอกระบบ,เยาวชนที่ต้องการมีทักษะอาชีพ แรงงานนอกระบบ,ฝึกอบรมทักษะอาชีพระยะสั้น,บางแก้ว,นาปะขอ,ต.นาปะขอ อ.บางแก้ว จ.พัทลุง,197,
TZD-E9525FF678,พัทลุง,วิทยาลัยการอาชีพควนขนุน,วิชาชีพ,นอกระบบ,เยาวชนที่ต้องการมีทักษะอาชีพ แรงงานนอกระบบ,ฝึกอบรมทักษะอาชีพระยะสั้น,ควนขนุน,ชะมวง,ต.ชะมวง อ.ควนขนุน จ.พัทลุง,198,
TZD-39BA73EADB,พัทลุง,วิทยาลัยเกษตรและเทคโนโลยีพัทลุง,วิชาชีพ,นอกระบบ,เยาวชนที่ต้องการมีทักษะอาชีพ แรงงานนอกระบบ,ฝึกอบรมทักษะอาชีพระยะสั้น,เมืองพัทลุง,ควนมะพร้าว,ต.คูวนมะพร้าว อ.เมืองพัทลุง จ.พัทลุง,199,
TZD-A95CC93F09,พัทลุง,สกร. ระดับอำเภอ 11 อำเภอ ในจังหวัดพัทลุง,วิชาการ,นอกระบบ,เด็กและเยาวชนนอกระบบการศึกษา อายุ 15 ปีขึ้นไป,"1. มีการจัดการเรียนการสอนหลักสูตรการศึกษาขั้นพื้นฐาน (ประถม ม.ต้น และ ม.ปลาย), 2.การสอบเทียบระดับการศึกษาขั้นพื้นฐาน (เฉพาะอำเภอเมืองพัทลุง), 3.การประเมินเทียบระดับการศึกษา (มิติประสบการณ์+มิติความรู้ความคิด)",,,11 อำเภอ 65 ตำบล ในจังหวัดพัทลุง,200,
TZD-DBBE86FF73,พัทลุง,โรงเรียนสอนศาสนา,วิชาการ,นอกระบบ,"เด็กและเยาวชนประถม ม.ต้น , ม.ปลาย",การจัดการเรียนการสอนศาสนาควบคู่กับวิชาสามัญ,ปากพะยูน,หารเทา,ต.หารเทา อ.ปากพะยูน,201,ชื่อและจังหวัดตรงกับรายการอื่น แต่รายละเอียดต่างกัน
TZD-F1E4753553,พัทลุง,โรงเรียนสอนศาสนา,วิชาการ,นอกระบบ,"เด็กและเยาวชนประถม ม.ต้น , ม.ปลาย",การจัดการเรียนการสอนศาสนาควบคู่กับวิชาสามัญ,ปากพะยูน,ปากพะยูน,ต.ปากพะยูน อ.ปากพะยูน,202,ชื่อและจังหวัดตรงกับรายการอื่น แต่รายละเอียดต่างกัน
TZD-17EC73DE2C,พัทลุง,โรงเรียนสอนศาสนา,วิชาการ,นอกระบบ,"เด็กและเยาวชนประถม ม.ต้น , ม.ปลาย",การจัดการเรียนการสอนศาสนาควบคู่กับวิชาสามัญ,กงหรา,คลองเฉลิม,ต.คลองเฉลิม อ.กงหรา,203,ชื่อและจังหวัดตรงกับรายการอื่น แต่รายละเอียดต่างกัน
TZD-AE1E750803,พัทลุง,โรงเรียนสอนศาสนา,วิชาการ,นอกระบบ,"เด็กและเยาวชนประถม ม.ต้น , ม.ปลาย",การจัดการเรียนการสอนศาสนาควบคู่กับวิชาสามัญ,ตะโหมด,ตะโหลด,ต.ตะโหลด อ.ตะโหลด,204,ชื่อและจังหวัดตรงกับรายการอื่น แต่รายละเอียดต่างกัน
TZD-036E755D8E,พัทลุง,โรงเรียนสอนศาสนา,วิชาการ,นอกระบบ,"เด็กและเยาวชนประถม ม.ต้น , ม.ปลาย",การจัดการเรียนการสอนศาสนาควบคู่กับวิชาสามัญ,ป่าบอน,หนองธง,ต.หนองธง อ.ป่าบอน,205,ชื่อและจังหวัดตรงกับรายการอื่น แต่รายละเอียดต่างกัน
TZD-0E7AC74891,พิจิตร,สกร. ระดับอำเภอ,วิชาการ,นอกระบบ,เด็กอายุ 15 ปีขึ้นไป,การศึกษาแบบยืดหยุ่น,,,ทุกอำเภอที่มี สกร. ตั้งอยู่,206,
TZD-CABD77C318,พิจิตร,สถาบันพัฒนาฝีมือแรงงาน,วิชาชีพ,ตามอัธยาศัย,เด็กอายุ 15 ปีขึ้นไป,หลัดสูตรวิชาชีพระยะสั้น เช่น ช่างเชื่อมเหล็ก,เมืองพิจิตร,,อ.เมือง จ.พิจิตร,207,
TZD-71C8E18FE4,พิจิตร,ศูนย์ช่วยเหลือความจำเป็นพื้นฐานประจำตำบล,วิชาชีวิต,ตามอัธยาศัย,1.เด็ก/เยาวชน ที่ต้องการรายได้ 2.กลุ่มเด็กที่มีความเสี่ยง,"1.การเรียนรู้เพื่อมีงานทำ, 2.การจ้างงานของตำบล",,,1.ห้างร้านรายย่อยประจำตำบล 2.อู่ซ่อมรถในตำบล 3.โรงสี,208,
TZD-E9AF85AFEE,พิษณุโลก,วิทยาลัยสารพัดช่างพิษณุโลก,วิชาชีพ,นอกระบบ,เด็กและเยาวชนที่ต้องการมีทักษะอาชีพ อายุ 15 ปีขึ้นไป,ฝึกอบรมทักษะอาชีพระยะสั้น,เมืองพิษณุโลก,บ้างคลอง,ตำบลบ้างคลอง อำเภอเมือง,209,
TZD-AA45292B1D,พิษณุโลก,สถาบันพัฒนาฝีมือแรงงาน ภาค 9,วิชาชีพ,นอกระบบ,เยาวชนอายุ 18 ปี ขึ้นไป,ฝึกอบรมทักษะอาชีพระยะสั้น,พรหมพิราม,มะตูม,ตำบลมะตูม อำเภอพรหมพิราม,210,
TZD-AC7533D5F0,พิษณุโลก,สกร อำเภอเมือง (ศูนย์การเรียนรู้ชุมชน),วิชาการ,นอกระบบ,เด็กและเยาวชนนอกระบบการศึกษา อายุ 18 ปี ขึ้นไป,จัดการเรียนการสอนเพื่อเทียบระดับการศึกษาขึ้นพื้นฐาน และการศึกษาต่อเนื่อง,เมืองพิษณุโลก,ในเมือง,ตำบลในเมือง อำเภอเมือง,211,
TZD-5F1024C8AE,พิษณุโลก,สกร อำเภอทุกอำเภอ (9 อำเภอ),ยังไม่ระบุ,,,,,,,212,ยังไม่ระบุประเภทสถานที่; ยังไม่ระบุรูปแบบการศึกษา; ยังไม่ระบุขอบเขต/รูปแบบการเรียนรู้; ยังไม่ระบุกลุ่มเป้าหมาย
TZD-596CD9F3ED,พิษณุโลก,ศูนย์การเรียนดาวประกายพฤกษ์,วิชาการ,นอกระบบ,เด็กและเยาวชนนอกระบบการศีกษาอายุ 15 ปีขึ้นไป,จัดการเรียนการสอนเพื่อเทียบระดับการศึกษา มัธยมตอนต้น และปลาย,เมืองพิษณุโลก,วัดพริก,ตำบลวัดพริก อำเภอเมืองพิษณุโลก,213,
TZD-682488A194,พิษณุโลก,ชุมชนบ้านวังส้มซ่า,วิชาชีวิต,ตามอัธยาศัย,เด็กและเยาวชน ครอบครัว คนในชุมชน,แหล่งเรียนรู้ส้มซ่าผลไม้ท้องถิ่น ทำกิจกรรม workshop แปรรูป,เมืองพิษณุโลก,ท่าโพธิ์,ตำบลท่าโพธิ์ อำเภอเมืองพิษณุโลก,214,
TZD-B63569A3A3,ภูเก็ต,โรงเรียนประถม/มัธยมศึกษาในพื้นที่,วิชาการ,ในระบบ,นักเรียนในระบบ,หการเรียนการสอนตามหลักสูตร,,,,215,
TZD-51DDA61F57,ภูเก็ต,วิทยาลัยอาชีวศึกษาในจังหวัด,วิชาชีพ,ในระบบ,นักเรียนสายอาชีพ,การศึกษาสายงานอาชีพ,,,,216,
TZD-568D710731,ภูเก็ต,โรงเรียนวัดในพื้นที่,วิชาชีวิต,ในระบบ,เด็กและเยาวชนในโรงเรียน,การเรียนการสอนหลักสูตรพื้นฐานและกิจกรรมเสริมทักษะ,,,,217,
TZD-6D0F743125,ภูเก็ต,ศูนย์ส่งเสริมการเรียนรู้ (สกร.),วิชาชีวิต,นอกระบบ,เด็กที่หลุดออกนอกระบบการศึกษา และประชาชนทั่วไป,การศึกษานอกระบบ การศึกษาต่อเนื่องและอาชีพ,,,,218,
TZD-5FD6F69FA2,ภูเก็ต,ศูนย์พัฒนาเด็กเล็ก,วิชาชีวิต,ในระบบ,เด็กประถมวัย,การเตรียมความพร้อมเด็กก่อนวัยเรียน,,,,219,
TZD-43D28B4C5F,ภูเก็ต,ศูนย์อบรมคุณธรรม,วิชาชีวิต,ตามอัธยาศัย,เด็ก เยาวชน และประชาชนทั่วไป,การปลูกฝังคุณธรรมจริยธรรม และชีวิตการมีมารยาท,,,,220,
TZD-7A97F419E5,มหาสารคาม,สกร.ระดับอำเภอเมือง,วิชาการ,นอกระบบ,เด็ก เยาวชน และประชาชนทั่วไป,"1. การศึกษาเพื่อคุณวุฒิ, 2. การศึกษาเพื่อพัฒนาตนเอง, 3. การเรียนรู้ตลอดชีวิต)",เมืองมหาสารคาม,ตลาด,ตำบลตลาด อำเภอเมือง,221,
TZD-F1AD673EA2,มหาสารคาม,สกร.ระดับอำเภอแกดำ,วิชาการ,นอกระบบ,เด็ก เยาวชน และประชาชนทั่วไป,,แกดำ,,อำเภอแกดำ,222,ยังไม่ระบุขอบเขต/รูปแบบการเรียนรู้
TZD-C54EAAC8FA,มหาสารคาม,สกร.ระดับอำเภอวัดโกสุมพิสัย,วิชาการ,นอกระบบ,เด็ก เยาวชน และประชาชนทั่วไป,,โกสุมพิสัย,,อำเภอวัดโกสุมพิสัย,223,ยังไม่ระบุขอบเขต/รูปแบบการเรียนรู้
TZD-E3623ECC15,มหาสารคาม,สกร.ระดับอำเภอกันทรวิชัย,วิชาการ,นอกระบบ,เด็ก เยาวชน และประชาชนทั่วไป,,กันทรวิชัย,,อำเภอกันทรวิชัย,224,ยังไม่ระบุขอบเขต/รูปแบบการเรียนรู้
TZD-13370A21C5,มหาสารคาม,สกร.ระดับอำเภอเชียงยืน,วิชาการ,นอกระบบ,เด็ก เยาวชน และประชาชนทั่วไป,,เชียงยืน,,อำเภอเชียงยืน,225,ยังไม่ระบุขอบเขต/รูปแบบการเรียนรู้
TZD-DF51D4D9CC,มหาสารคาม,สกร.ระดับอำเภอบรบือ,วิชาการ,นอกระบบ,เด็ก เยาวชน และประชาชนทั่วไป,,บรบือ,,อำเภอบรบือ,226,ยังไม่ระบุขอบเขต/รูปแบบการเรียนรู้
TZD-FE4896D977,มหาสารคาม,สกร.ระดับอำเภอวาปีปทุม,วิชาการ,นอกระบบ,เด็ก เยาวชน และประชาชนทั่วไป,,วาปีปทุม,,อำเภอวาปีปทุม,227,ยังไม่ระบุขอบเขต/รูปแบบการเรียนรู้
TZD-E6A49F4813,มหาสารคาม,สกร.ระดับอำเภอพยัคฆภูมิพิสัย,วิชาการ,นอกระบบ,เด็ก เยาวชน และประชาชนทั่วไป,,พยัคฆภูมิพิสัย,,อำเภอพยัคฆภูมิพิสัย,228,ยังไม่ระบุขอบเขต/รูปแบบการเรียนรู้
TZD-D8D15031D2,มหาสารคาม,สกร.ระดับอำเภอนาเชือก,วิชาการ,นอกระบบ,เด็ก เยาวชน และประชาชนทั่วไป,,นาเชือก,,อำเภอนาเชือก,229,ยังไม่ระบุขอบเขต/รูปแบบการเรียนรู้
TZD-B0F5D0242C,มหาสารคาม,สกร.ระดับอำเภอนาดูน,วิชาการ,นอกระบบ,เด็ก เยาวชน และประชาชนทั่วไป,,นาดูน,,อำเภอนาดูน,230,ยังไม่ระบุขอบเขต/รูปแบบการเรียนรู้
TZD-C6557A0008,มหาสารคาม,สกร.ระดับอำเภอยางสีสุราช,วิชาการ,นอกระบบ,เด็ก เยาวชน และประชาชนทั่วไป,,ยางสีสุราช,,อำเภอยางสีสุราช,231,ยังไม่ระบุขอบเขต/รูปแบบการเรียนรู้
TZD-4EF09F7620,มหาสารคาม,สกร.ระดับอำเภอกุดรัง,วิชาการ,นอกระบบ,เด็ก เยาวชน และประชาชนทั่วไป,,กุดรัง,,อำเภอกุดรัง,232,ยังไม่ระบุขอบเขต/รูปแบบการเรียนรู้
TZD-453A4140C9,มหาสารคาม,สกร.ระดับอำเภอชื่นชม,วิชาการ,นอกระบบ,เด็ก เยาวชน และประชาชนทั่วไป,,ชื่นชม,,อำเภอชื่นชม,233,ยังไม่ระบุขอบเขต/รูปแบบการเรียนรู้
TZD-4250F1FD18,มหาสารคาม,เทคนิคมหาสารคาม,วิชาชีวิต,,,,,,,234,ยังไม่ระบุรูปแบบการศึกษา; ยังไม่ระบุขอบเขต/รูปแบบการเรียนรู้; ยังไม่ระบุกลุ่มเป้าหมาย
TZD-529BE3B8E4,มหาสารคาม,อาชีวศึกษามหาสารคาม,วิชาชีวิต,,,,,,,235,ยังไม่ระบุรูปแบบการศึกษา; ยังไม่ระบุขอบเขต/รูปแบบการเรียนรู้; ยังไม่ระบุกลุ่มเป้าหมาย
TZD-854AACB0F8,มหาสารคาม,วิทยาลัยการอาชีพมหาสารคาม,วิชาชีวิต,,,,,,,236,ยังไม่ระบุรูปแบบการศึกษา; ยังไม่ระบุขอบเขต/รูปแบบการเรียนรู้; ยังไม่ระบุกลุ่มเป้าหมาย
TZD-DCD2CF1928,มหาสารคาม,วิทยาลัยเทคนิควาปีปทุม,วิชาชีวิต,,,,,,,237,ยังไม่ระบุรูปแบบการศึกษา; ยังไม่ระบุขอบเขต/รูปแบบการเรียนรู้; ยังไม่ระบุกลุ่มเป้าหมาย
TZD-69731E35B9,มหาสารคาม,วิทยาลัยการอาชีพพยัคฆภูมิพิสัย,วิชาชีวิต,,,,,,,238,ยังไม่ระบุรูปแบบการศึกษา; ยังไม่ระบุขอบเขต/รูปแบบการเรียนรู้; ยังไม่ระบุกลุ่มเป้าหมาย
TZD-C02CFF9246,มุกดาหาร,สกร./สพป./สพม.,วิชาการ,ในระบบ,เด็กและเยาวชน,จัดการเรียน,,,ภายในจังหวัดมุกดาหาร,239,
TZD-79B005B9B1,มุกดาหาร,CYF นครพนม,วิชาการ,นอกระบบ,เด็กและเยาวชน,จัดการเรียน,,,จังหวัดนครพนม,240,
TZD-4BC4D0DD9A,มุกดาหาร,ศูนย์พัฒนาฝีมือแรงงาน,วิชาชีพ,นอกระบบ,เยาวชน,ฝึกอบรม,,,มุกดาหาร,241,
TZD-12EE81549F,มุกดาหาร,วิทยาลัยชุมชนในมุกดาหาร,วิชาชีพ,นอกระบบ,เยาวชน,ฝึกอบรม,,,มุกดาหาร,242,
TZD-A3E23EBF86,มุกดาหาร,ศูนย์ฝึกอาชีพสตรี,วิชาชีพ,ในระบบ,เยาวชน,ฝึกอบรม,,,มุกดาหาร,243,
TZD-FB161C11FC,มุกดาหาร,มูลนิธิสยาม-แคร์,วิชาชีวิต,นอกระบบ,เยาวชน/เด็ก,จัดอบรม,เมืองมุกดาหาร,,อ.เมือง จ.มุกดาหาร,244,
TZD-7738EADA60,มุกดาหาร,มูลนิธิหอแก้วสีรุ้ง,วิชาชีวิต,นอกระบบ,เยาวชน/เด็ก,จัดอบรม,เมืองมุกดาหาร,,อ.เมือง จ.มุกดาหาร,245,
TZD-575C581E0E,มุกดาหาร,มูลนิธิ CCF มุกดาหาร,วิชาชีวิต,นอกระบบ,เยาวชน/เด็ก,จัดอบรม,เมืองมุกดาหาร,,อ.เมือง จ.มุกดาหาร,246,
TZD-DE8E1F366F,ยะลา,รร.ราชประชานุเคราะห์,วิชาการ,ในระบบ,,ตามระเบียบของกระทรวงศึกษาธิการ,,,,247,ยังไม่ระบุกลุ่มเป้าหมาย
TZD-575252B9CC,ยะลา,สกร.,วิชาการ,ในระบบ,,ตามระเบียบของกระทรวงศึกษาธิการ,,,,248,ยังไม่ระบุกลุ่มเป้าหมาย
TZD-FCF9D0003C,ยะลา,รร.ประชารัฐ,วิชาการ,ในระบบ,,ตามระเบียบของกระทรวงศึกษาธิการ,,,,249,ยังไม่ระบุกลุ่มเป้าหมาย
TZD-D00ED6F75D,ยะลา,สถาบันปอเนาะในระบบ,วิชาการ,ในระบบ,,ตามหลักสูตรอิสลามศึกษา,,,,250,ยังไม่ระบุกลุ่มเป้าหมาย
TZD-CC1A467E78,ยะลา,สถาบันปอเนาะนอกระบบ,วิชาการ,นอกระบบ,,ตามหลักสูตรอิสลามศึกษา,,,,251,ยังไม่ระบุกลุ่มเป้าหมาย
TZD-84B35CC32A,ยะลา,ศูนย์ฝึกอาชีพ,วิชาชีพ,ตามอัธยาศัย,,,,,,252,ยังไม่ระบุขอบเขต/รูปแบบการเรียนรู้; ยังไม่ระบุกลุ่มเป้าหมาย
TZD-56893227DB,ยะลา,วิทยาลัยการอาชีพ,วิชาการ,ในระบบ,,ตามระเบียบของกระทรวงศึกษาธิการ,,,,253,ยังไม่ระบุกลุ่มเป้าหมาย
TZD-6431BD0BA3,ยโสธร,สถานศึกษาในสังกัด สพฐ/อปท.,วิชาการ,ในระบบ,นักเรียน 3-18 ปี,จัดการเรียนการสอนในห้องเรียน ระดับการศึกษาขั้นพื้นที่,,,ทุกตำบล/จังหวัด,254,
TZD-9895DBDDC1,ยโสธร,ศูนย์การเรียนรู้ฯ (สกร.),วิชาการ,นอกระบบ,เด็กและเยาวชนตลอดจนประชาชนทั่วไป,ห้องเรียน/ตามอัธยาศัย ระดับการศึกษาขั้นพื้นฐาน,,,ทุกตำบล,255,
TZD-BD215550F2,ยโสธร,สถานศึกษา,วิชาการ,ในระบบ,เด็กและเยาวชน 3-18 ปี,จัดการเรียนการสอนในห้องเรียน ระดับเตรียมอนุบาล จนถึงการศึกษาขั้นพื้นฐาน,,,เกือบทุกตำบลในจังหวัด,256,
TZD-4A06534C45,ยโสธร,ห้องสมุดประชาชน เฉลิมราชกุมารี ยโสธร/ห้องสมุดเคลื่อนที่(สกร.),วิชาการ,ตามอัธยาศัย,ประชาชนทุกคน ไม่จำกัดอายุ,สามารถศึกษาเรียนรู้ได้ตามความสนใจ,คำเขื่อนแก้ว,ลุมพุก,ตำบล ลุมพุก อำเภอ คำเขื่อนแก้ว ยโสธร,257,
TZD-9C9AE17AC5,ยโสธร,สถานศึกษาในสังกัด สอศ,วิชาชีพ,ในระบบ,เด็กและเยาวชนที่จบการศึกษาภาคบังคับและมีอายุ 15 ปีขึ้นไป,จัดการเรียนการสอนวิชาพื้นฐานและฝึกอาชีพทักษะตามสาขาที่เรียน,,,ทุกอำเภอ,258,
TZD-4110EF5C64,ยโสธร,สำนักงานพัฒนาฝีมือแรงงานจังหวัด,วิชาชีพ,ตามอัธยาศัย,เด็กและเยาวชนที่จบการศึกษาภาคบังคับและมีอายุ 15 ปีขึ้นไป,การฝึกอบรมอาชีพระยะสั้น,เมืองยโสธร,,อ.เมือง จ.ยโสธร,259,
TZD-B482C9AD5C,ยโสธร,ศพค. หัวเมือง,วิชาชีวิต,ตามอัธยาศัย,ศูนย์ละ 30 คน อบรม 10-15 วัน,"เป็นการฝึกอาชีพเชิงบวกสำหรับสมาชิกในครอบครัว สตรี,เด็ก เช่นสานตะกร้า ทอผ้าลายพื้นเมือง",มหาชนะชัย,หัวเมือง,ต.หัวเมือง อ.มหาชนะชัย,260,
TZD-CAC7B0C893,ยโสธร,ศพค. ศรีแก้ว,วิชาชีวิต,ตามอัธยาศัย,ศูนย์ละ 30 คน อบรม 10-15 วัน,"เป็นการฝึกอาชีพเชิงบวกสำหรับสมาชิกในครอบครัว สตรี,เด็ก เช่นสานตะกร้า ทอผ้าลายพื้นเมือง",เลิงนกทา,ศรีแก้ว,ต.ศรีแก้ว อ.เลิงนกทา จ.ยโสธร,261,
TZD-7A52C8F0EE,ระนอง,วิทยาลัยเทคนิคระนอง,วิชาชีพ,ในระบบ,เด็กและเยาวชนที่ต้องการมีทักษะอาชีพ,จัดการศึกษาอาชีวะศึกษา เช่น ช่างไฟฟ้า ช่างยนต์,เมืองระนอง,บางนอน,ต.บางนอน อ.เมือง จ.ระนอง,262,
TZD-4E628D404C,ระนอง,วิทยาลัยเกษตรและเทคโนโลยีระนอง,วิชาชีพ,ในระบบ,เด็กและเยาวชนที่ต้องการมีทักษะอาชีพ,จัดการศึกษาด้านการเกษตร,เมืองระนอง,ราชกรูด,ต.ราชกรูด อ.เมือง จ.ระนอง,263,
TZD-C2417F734D,ระนอง,วิทยาลัยการอาชีพกระบุรี,วิชาชีพ,ในระบบ,เด็กและเยาวชนที่ต้องการมีทักษะอาชีพ,จัดการศึกษาหลักสูตรอาชีวะศึกษา,กระบุรี,น้ำจืดน้อย,ต.น้ำจืดน้อย อ.กระบุรี จ.ระนอง,264,
TZD-2AEDA8F883,ระนอง,สถาบันพัฒนาฝีมือแรง จ.ระนอง,วิชาชีพ,ตามอัธยาศัย,เยาวชนที่ต้องการมีทักษะอาชีพ,ฝึกอบรมทักษะอาชีพระยะสั้น,เมืองระนอง,บางนอน,ต.บางนอน อ.เมือง จ.ระนอง,265,
TZD-DA436F8E4E,ระนอง,สกร.ระดับอำเภอเมืองระนอง,วิชาการ,นอกระบบ,เด็กและเยาวชน อายุ 15 ปีขึ้นไป,"จัดการเรียนรู้การศึกษานอกระบบ ระดับการศึกษาขั้นพื้นฐาน, การศึกษาต่อเนื่องการศึกษาตามอัธยาศัย",เมืองระนอง,บางริ้น,ต.บางริ้น อ.เมือง จ.ระนอง,266,
TZD-98590F4A81,ระนอง,สกร.ระดับอำเภอกระบุรี,วิชาการ,นอกระบบ,เด็กและเยาวชน อายุ 15 ปีขึ้นไป,"จัดการเรียนรู้การศึกษานอกระบบ ระดับการศึกษาขั้นพื้นฐาน, การศึกษาต่อเนื่องการศึกษาตามอัธยาศัย",กระบุรี,น้ำจืด,ต.น้ำจืด อ.กระบุรี จ.ระนอง,267,
TZD-735EB4528D,ระนอง,สกร. ระดับอำเภอละอุ่น,วิชาการ,นอกระบบ,เด็กและเยาวชน อายุ 15 ปีขึ้นไป,"จัดการเรียนรู้การศึกษานอกระบบ ระดับการศึกษาขั้นพื้นฐาน, การศึกษาต่อเนื่องการศึกษาตามอัธยาศัย",ละอุ่น,บางแก้ว,ต.บางแก้ว อ.ละอุ่น จ.ระนอง,268,
TZD-6EF258316D,ระนอง,สกร. ระดับอำเภอกะเปอร์,วิชาการ,นอกระบบ,เด็กและเยาวชน อายุ 15 ปีขึ้นไป,"จัดการเรียนรู้การศึกษานอกระบบ ระดับการศึกษาขั้นพื้นฐาน, การศึกษาต่อเนื่องการศึกษาตามอัธยาศัย",กะเปอร์,กะเปอร์,ต.กะเปอร์ อ.กะเปอร์ จ.ระนอง,269,
TZD-F081FF3A68,ระนอง,สกร. ระดับอำเภอสุขสำราญ,วิชาการ,นอกระบบ,เด็กและเยาวชน อายุ 15 ปีขึ้นไป,"จัดการเรียนรู้การศึกษานอกระบบ ระดับการศึกษาขั้นพื้นฐาน, การศึกษาต่อเนื่องการศึกษาตามอัธยาศัย",สุขสำราญ,นาคา,ต.นาคา อ.สุขสำราญ จ.ระนอง,270,
TZD-5021145DC9,ระนอง,โรงเรียนพิชัยรัตนาคาร,วิชาการ,ในระบบ,เด็กและเยาวชน การศึกษาภาคบังคม,จัดการศึกษาระดับมัธยมศึกษา,เมืองระนอง,,อ.เมือง จ.ระนอง,271,
TZD-293F567DC4,ระนอง,โรงเรียนสตรีระนอง,วิชาการ,ในระบบ,เด็กและเยาวชน การศึกษาภาคบังคม,จัดการศึกษาระดับมัธยมศึกษา,เมืองระนอง,,อ.เมือง จ.ระนอง,272,
TZD-E12254284A,ระนอง,โรงเรียนกระบุรีวิทยา,วิชาการ,ในระบบ,เด็กและเยาวชน,จัดการศึกษาภาคบังคับ,กระบุรี,,อ.กระบุรี จ.ระยอง,273,
TZD-49CAA9821C,ระนอง,โรงเรียนละอุ่นวิทยาคาร,วิชาการ,ในระบบ,เด็กและเยาวชน,จัดการศึกษาภาคบังคับ,ละอุ่น,บางแก้ว,ต.บางแก้ว อ.ละอุ่น จ.ระนอง,274,
TZD-476E1D5438,ระนอง,โรงเรียนกะเปอร์วิทยา,วิชาการ,ในระบบ,เด็กและเยาวชน,จัดการศึกษาภาคบังคับ,กะเปอร์,กะเปอร์,ต.กะเปอร์ อ.กะเปอร์ จ.ระนอง,275,
TZD-0DEDF8E17D,ระนอง,โรงเรียนไทยรัฐวิทยา 67 (โรงเรียนบ้านนาพรุ),วิชาการ,ในระบบ,เด็กและเยาวชน,จัดการศึกษาภาคบังคับ,สุขสำราญ,นาคา,ต.นาคา อ.สุขสำราญ จ.ระนอง,276,
TZD-87D2B265C9,ระยอง,สกร. ระดับอำเภอทุกแห่ง,วิชาการ,นอกระบบ,ประชาชนทั่วไป อายุ 15 ปีขึ้นไป,จัดการเรียนการสอน แบบพบกลุ่ม/ออนไลน์,,,ทุกอำเภอ ในพื้นที่จังหวัดระยอง,277,
TZD-C390B8FE09,ระยอง,สกร. ระดับตำบลทุกแห่ง,วิชาการ,นอกระบบ,ประชาชนทั่วไป อายุ 15 ปีขึ้นไป,จัดการเรียนการสอน แบบพบกลุ่ม/ออนไลน์/ ฝึกอาชีพ อบรมระยะสั้น,,,ทุกตำบล ในพื้นที่จังหวัดระยอง,278,
TZD-AE5059FA9B,ระยอง,สถาบันพัฒนาฝึมือแรงงาน จ.ระยอง,วิชาชีพ,ตามอัธยาศัย,นักเรียน / นักศึกษา ที่สนใจ,จัดอบรม / ฝึกอาชีพเบื้องต้น,,,พัฒนาฝีมือแรงงานจังหวัดระยอง,279,
TZD-5ED77E00FA,ร้อยเอ็ด,สกร.ระดับอำเภอทุกแห่งในสังกัดสนง. สกร. ประจำจังหวัดร้อยเอ็ด,วิชาการ,นอกระบบ,เด็กและเยาวชนนอกระบบอายุ 15 ปีขึ้นไป,จัดการเรียนการสอนเพื่อเทียบระดับการศึกษาการศึกษา ขั้นพื้นฐาน/การศึกษาด้านอาชีพ/การศึกษาตลอดชีวิต,,,สกร.ระดับตำบลทุกแห่งในสังกัดสกร.ระดับอำเภอทุกแห่ง,280,
TZD-9268C15CFA,ร้อยเอ็ด,โรงเรียนในสังกัดสพป.สพม. ในจังหวัดร้อยเอ็ด,วิชาการ,ในระบบ,เด็กและเยาวชนในระบบ,จัดการเรียนการสอน,,,โรงเรียน/สถานศึกษาในสังกัดจังหวัด,281,
TZD-446D4169EA,ร้อยเอ็ด,ศูนย์การศึกษาพิเศษประจำจังหวัดร้อยเอ็ด,วิชาการ,,เด็กพิการทุกประเภท,จัดการเรียนการสอนให้กับเด็กพิการทุกประเภท,ธวัชบุรี,,อำเภอธวัชบุรี จังหวัดร้อยเอ็ด,282,ยังไม่ระบุรูปแบบการศึกษา
TZD-439CACEA0A,ร้อยเอ็ด,สถาบันอาชีวศึกษา/เทคนิค/วิทยาลัยเกษตร,วิชาการ,ในระบบ,เด็กและเยาวชน,จัดการเรียนการสอนด้านอาชีพ,,,สถานศึกษาในสังกัดจังหวัดร้อยเอ็ด,283,
TZD-F2B4A5CF23,ร้อยเอ็ด,วิทยาลัยสังกัด สอศ.,วิชาชีพ,นอกระบบ,บุคคลที่ที่ต้องการ,หลักสูตรระยะสั้น,,,กระจายทั้งจังหวัดร้อยเอ็ด,284,
TZD-182F8DA8B3,ร้อยเอ็ด,ศพส. 39,วิชาชีพ,นอกระบบ,บุคคลที่ที่ต้องการ,หลักสูตรระยะสั้น,เมืองร้อยเอ็ด,,อำเภอเมือง จังหวัดร้อยเอ็ด,285,
TZD-F2BF4C1799,ร้อยเอ็ด,สกร. อำเภอ,วิชาชีพ,นอกระบบ,บุคคลที่ที่ต้องการ,หลักสูตรระยะสั้น,,,ทุกอำเภอในจังหวัดร้อยเอ็ด,286,
TZD-1D50CE77A4,ร้อยเอ็ด,ศพค.อบต.ค้อใหญ่ อำเภอพนมไพร,วิชาชีวิต,ตามอัธยาศัย,ครอบครัวเด็ก/เยาวชน,ฝึกอาชีพ/การอยู่ร่วมกัน,พนมไพร,้ค้อใหญ่,อบต.ค้อใหญ่ อำเภอพนมไพร จังหวัดร้อยเอ็ด,287,
TZD-983B8C2FCC,ร้อยเอ็ด,ศพค.อบต.สะอาดสมบูรณ์,วิชาชีวิต,ตามอัธยาศัย,ครอบครัวเด็ก/เยาวชน,ฝึกอาชีพ/การอยู่ร่วมกัน,เมืองร้อยเอ็ด,สะอาดสมบูรณ์,อบต. สะอาดสมบูรณ์ อำเภอเมือง จังหวัดร้อยเอ็ด,288,
TZD-8CD9ABCB0E,ลพบุรี,ศูนย์พัฒนาครอบครัวในชุมชน (ศพค.),วิชาชีวิต,ตามอัธยาศัย,"สมาชิกในครอบครัวทุกกลุ่มวัยทั้งในสถานะปกติและประสบปัญหาโดยเน้นกลุ่มเปราะบาง เช่น ครอบครัวพ่อ/แม่เลี้ยงเดี่ยว,ข้ามรุ่นผู้สูงอายุตามลำพัง,ครอบครัววัยรุ่น",ทำงานร่วมกับท้องถิ่นในการเฝ้าระวังป้องกันความรุนแรงในครอบครัว,,,125 แห่ง 11 อำเ๓อ,289,
TZD-C0497CC8C7,ลพบุรี,สกร. ระดับตำบล,วิชาการ,ในระบบ,เด็กและเยาวชน,การศึกษาขั้นพื้นฐาน,,,124 ตำบล,290,
TZD-75DB7ABF09,ลพบุรี,โรงเรียนสังกัด อปท.,วิชาการ,ในระบบ,เด็กและเยาวชน,การศึกษาขั้นพื้นฐาน,,,19 แห่ง,291,
TZD-F3774AB2B9,ลพบุรี,วิทยาลัยสารพัดช่างลพบุรี,วิชาชีพ,นอกระบบ,เยาวชนที่ต้องการมีอาชีพ,ฝึกอบรมทักษะอาชีพระยะสั้น,เมืองลพบุรี,ท่าศาลา,ต.ท่าศาลา อ.เมือง จ.ลพบุรี,292,
TZD-AC6E79BA7E,ลพบุรี,วิทยาลัยอาชีวศึกษาลพบุรี,วิชาชีพ,ในระบบ,เยาวชนที่ต้องการมีอาชีพ,จัดการเรียนการสอนที่หลากหลายด้านอาชีพ,เมืองลพบุรี,ป่าตาล,ต.ป่าตาล อ.เมืองลพบุรี จ.ลพบุรี,293,
TZD-FD03CA4AB4,ลำปาง,สถานศึกษาขั้นพื้นฐาน,วิชาการ,ในระบบ,อายุ 3 -18 ปี,จัดการศึกษาภาคบังคับถึงการศึกษาขั้นพื้นฐาน,,,13 อำเภอ,294,
TZD-5AA2CA9898,ลำปาง,ศูนย์เรียนระดับอำเภอ/ตำบล (สกร.ะดับอำเภอ/ตำบล),วิชาการ,นอกระบบ,ประชาชนทั่วไป,"- จัดการศึกษาขั้นพื้นฐานเพื่อคุณวุฒิตามลำดับ, - จัดการศึกษาเพื่อพัฒนาตนเอง, - จัดการศึกษาตลอดชีวิต",,,13 อำเภอ 100 ตำบล,295,
TZD-E60DD33C2F,ลำปาง,สพร. 10 ลำปาง,วิชาชีพ,นอกระบบ,อายุ 15 ปีขึ้นไป,ฝึกอบรมทักษะอาชีพระยะสั้น เช่น ช่างซ่อมแอร์ ช่างสีรถยนต์ ช่างเย็บจักรโรงงาน,ห้างฉัตร,,อ.ห้างฉัตร จ.ลำปาง,296,
TZD-10E2C46F53,ลำปาง,ศูนย์พัฒนาสตรีภาคเหนือ,วิชาชีพ,ตามอัธยาศัย,สตรี แม่เลี้ยงเดี่ยว และครอบครัว,ฝึกอบรมทักษะอาชีพระยะสั้น เช่น ตัดเย็บเสื้อคลุม ขนมไทย,เมืองลำปาง,,อ.เมืองลำปาง จ.ลำปาง,297,
TZD-2F53E24D2B,ลำปาง,สวศ. (สวจ. 13 แห่ง),วิชาชีพ,ในระบบ,อายุ 15 ปีขึ้นไป,การศึกษาขั้นพื้นฐาน,,,13 อำเภอ,298,
TZD-6109903ED2,ลำปาง,ศูนย์ศึกษาและพัฒนาชุมชน ลำปาง,วิชาชีวิต,ตามอัธยาศัย,ประชาชนทั่วไป,ฝึกอบรม/ศึกษาดูงาน,เมืองลำปาง,ปงแสนทอง,ต.ปงแสนทอง อ.เมืองลําปาง จ.ลําปาง,299,
TZD-5D47F33D1D,ลำปาง,มิวเซียมลำปาง,วิชาชีวิต,ตามอัธยาศัย,ประชาชนทั่วไป,ศึกษาดูงาน,เมืองลำปาง,,อ.เมืองลําปาง จ.ลําปาง,300,
TZD-2627820D83,ลำปาง,ห้องสมุดประชาชนจังหวัด/อำเภอ,วิชาชีวิต,ตามอัธยาศัย,ประชาชนทั่วไป,เรียนรู้ด้วยตนเอง,,,13 อำเภอ,301,
TZD-7A69FC0CBA,ลำปาง,พิพิธภัณฑ์ซากดึกดำบรรพ์ ธรณีวิทยาและธรรมชาติวิทยา จ.ลำปาง,วิชาชีวิต,ตามอัธยาศัย,ประชาชนทั่วไป,ศึกษาดูงาน,เกาะคา,,อ.เกาะคา,302,
TZD-E9AAA13086,ลำปาง,โรงไฟฟ้าแม่เมาะ,วิชาชีวิต,ตามอัธยาศัย,ประชาชนทั่วไป,ศึกษาดูงาน,แม่เมาะ,,อ.แม่เมาะ,303,
TZD-DCE0768FD9,ลำพูน,สกร.ระดับตำบล,วิชาการ,นอกระบบ,1) ประชาชนช่วงอายุ 15 ปีขึ้นไป 2) เด็กหลุดออกนอกระบบ,การจัดการเรียนรู้และการจัดการศึกษาขั้นพื้นฐาน,,,ทุกตำบล,304,
TZD-874630BC6F,ลำพูน,"สกร.ระดับตำบล,อำเภอ",วิชาชีพ,นอกระบบ,ประชาชนทั่วไป,"หลักสูตรพัฒนาตนเอง, การฝึกอาชีพระยะสั้น",,,"ตำบล,อำเภอ",305,ชื่อและจังหวัดตรงกับรายการอื่น แต่รายละเอียดต่างกัน
TZD-C7BCF27495,ลำพูน,"สกร.ระดับตำบล,อำเภอ",วิชาชีวิต,นอกระบบ,ประชาชนทั่วไป,1)การจัดการเรียนรู้ตลอดชีวิต 2) การจัดการศึกษาเคลื่อนที่รถ Mobile 3) การอบรม เช่น เศรษฐกิจพอเพียง,,,"ตำบล,อำเภอ",306,ชื่อและจังหวัดตรงกับรายการอื่น แต่รายละเอียดต่างกัน
TZD-294425A84E,ลำพูน,"สกร.ระดับอำเภอเมือง, อำเภอลี้",วิชาการ,นอกระบบ,ประชาชนที่มีอาชีพ,การเทียบมิติความรู้ความคิด,เมืองลำพูน,,อ.เมือง,307,ชื่อและจังหวัดตรงกับรายการอื่น แต่รายละเอียดต่างกัน
TZD-EF4E9DEEF9,ลำพูน,"สกร.ระดับอำเภอเมือง, อำเภอลี้",วิชาการ,นอกระบบ,ประชาชนที่มีอาชีพ,การเทียบมิติความรู้ความคิด,ลี้,,อำเภอลี้,308,ชื่อและจังหวัดตรงกับรายการอื่น แต่รายละเอียดต่างกัน
TZD-C8C1FBE19F,ลำพูน,สกร. ระดับอำเภอเมือง,วิชาการ,นอกระบบ,ผู้ที่มีความเป็นเลิศ,การสอบเทียบวัดผล,เมืองลำพูน,,อ.เมือง,309,
TZD-B5B589B2F8,ศรีสะเกษ,วิทยาลัยเทคนิค,วิชาชีพ,ในระบบ,เด็กและเยาวชนอายุ 15 ปีขึ้นไป,การเรียนรู้ฝึกทักษะเฉพาะทางเพื่อประกอบอาชีพ,,,ทุกสถานศึกษาทั่วจังหวัด,310,
TZD-4C6F27EC5E,ศรีสะเกษ,อาชีวศึกษา,วิชาชีพ,ในระบบ,เด็กและเยาวชนอายุ 15 ปีขึ้นไป,การเรียนรู้ฝึกทักษะเฉพาะทางเพื่อประกอบอาชีพ,,,ทุกสถานศึกษาทั่วจังหวัด,311,
TZD-B8B59E627D,ศรีสะเกษ,วิทยาลัยเทคโนโลยี,วิชาชีพ,ในระบบ,เด็กและเยาวชนอายุ 15 ปีขึ้นไป,การเรียนรู้ฝึกทักษะเฉพาะทางเพื่อประกอบอาชีพ,,,ทุกสถานศึกษาทั่วจังหวัด,312,
TZD-62E883C091,ศรีสะเกษ,วิทยาลัยเกษตรและเทคโนโลยี,วิชาชีพ,นอกระบบ,เด็กและเยาวชนอายุ 15 ปีขึ้นไป,การเรียนรู้ฝึกทักษะเฉพาะทางเพื่อประกอบอาชีพ,เมืองศรีสะเกษ,,ในตัวจังหวัดศรีสะเกษ,313,
TZD-223C991D8C,ศรีสะเกษ,วิทยาลัยสารพัดช่าง,วิชาชีพ,นอกระบบ,เยาวชนที่ต้องการมีทักษะอาชีพ,การเรียนรู้ฝึกทักษะเฉพาะทางเพื่อประกอบอาชีพ,เมืองศรีสะเกษ,,ในตัวจังหวัดศรีสะเกษ,314,
TZD-F0F2F91964,ศรีสะเกษ,"สปป., สพม.",วิชาการ,ในระบบ,เด็กและเยาวชนอายุต่ำกว่า 15 ปี,จัดการเรียนการศึกษาขั้นพื้นฐาน,,,โรงเรียนในทุกตำบล อำเภอ และจังหวัด,315,
TZD-0602DA8665,ศรีสะเกษ,สกร.,วิชาการ,นอกระบบ,เด็กและเยาวชนนอกระบบการศึกษาอายุ 15 ปีขึ้นไป,จัดการเรียนการสอนเพื่อเทียบระดับการศึกษาขั้นพื้นฐานและการศึกษาต่อเนื่อง,,,ทุกสกร.ทั่วจังหวัด,316,
TZD-C0C198FA79,ศรีสะเกษ,ศูนย์ฝึกอาชีพสตรี,วิชาชีวิต,ตามอัธยาศัย,บุคคลทั่วไปที่ต้องการฝึกอาชีพ,ฝึกอบรมอาชีพระยะสั้น,เมืองศรีสะเกษ,,ในตัวจังหวัดศรีสะเกษ,317,
TZD-457E773B53,ศรีสะเกษ,ศูนย์สงเคราะห์และฝึกอาชีพเยาวชน,วิชาชีวิต,ตามอัธยาศัย,บุคคลทั่วไปที่ต้องการฝึกอาชีพ,ฝึกอบรมอาชีพระยะสั้น,เมืองศรีสะเกษ,,ในตัวจังหวัดศรีสะเกษ,318,
TZD-C38B092DBB,ศรีสะเกษ,ศูนย์ฝึกฝีมือแรงงาน,วิชาชีวิต,ตามอัธยาศัย,บุคคลทั่วไปที่ต้องการฝึกอาชีพ,ฝึกอบรมอาชีพระยะสั้น,เมืองศรีสะเกษ,,ในตัวจังหวัดศรีสะเกษ,319,
TZD-79E9F28122,ศรีสะเกษ,กรมแรงงานจังหวัด,วิชาชีวิต,ตามอัธยาศัย,บุคคลทั่วไปที่ต้องการฝึกอาชีพ,ฝึกอบรมอาชีพระยะสั้น,เมืองศรีสะเกษ,,ในตัวจังหวัดศรีสะเกษ,320,
TZD-EEA5E0233C,สกลนคร,สำนักงานพัฒนาฝีมือแรงงานสกลนคร,วิชาชีพ,ตามอัธยาศัย,เดี๋ยวชนที่ต้องการฝึกทักษะอาชีพอายุ 15-18 ปี,ฝึกอบรมทักษะด้านอาชีพระยะสั้น (หลักสูตรการเรียน),เมืองสกลนคร,ห้วยยาง,ตำบลห้วยยาง อำเภอเมือง จังหวัดสกลนคร,321,
TZD-C8E35F294A,สกลนคร,วิทยาลัยอาชีวศึกษาจังหวัดสกลนคร,วิชาชีพ,ตามอัธยาศัย,ผู้ที่ต้องการฝึกทักษะอาชีพ,ฝึกอบรมทักษะอาชีพระยะสั้น,เมืองสกลนคร,ดงมะไฟ,ตำบลดงมะไฟ อำเภอเมือง จังหวัดสกลนคร,322,
TZD-F289646B87,สกลนคร,วิทยาลัยเทคนิคสกลนคร,วิชาชีพ,ในระบบ,เยาวชนอายุ 15-18 ปี,การเรียนการสอนในด้านสาขาอาชีพ,เมืองสกลนคร,ธาตุเชิงชุม,ถนนนิตโย ตำบลธาตุเชิงชุม อำเภอเมือง จังหวัดสกลนคร,323,
TZD-B8BE36FDC1,สกลนคร,อบจ.สกลนคร,วิชาชีพ,ตามอัธยาศัย,ประชากรทุกกลุ่มวัย/กลุ่มเป้าหมายโครงการ,ฝึกอบรมทักษะอาชีพระยะสั้น,เมืองสกลนคร,ธาตุเชิงชุม,ถนนศูนย์ราชการ ตำบลธาตุเชิงชุม อำเภอเมืองสกลนคร จังหวัดสกลนคร,324,
TZD-9FB22A1EC9,สกลนคร,สำนักงานสกร.ประจำจังหวัดสกลนคร,วิชาการ,นอกระบบ,เด็กและเยาวชนนอกระบบการศึกษาอายุ 15 ปีขึ้นไป,"1. การจัดการศึกษาเพื่อให้ได้รับวุตการศึกษาระดับ ประถม ม.ต้น ม.ปลายโดยมีการเทียบโอนความรู้ร่วม, 2. การจัดการศึกษาเพื่อมุ่งเน้นศึกษาความจำเป็นในการดำรงชีวิตเพื่อให้ผู้เรียนสามารถพึ่งพาตนเองได้, 3. เป็นการจัดสภาพแวดล้อม",,,ศูนย์ส่งเสริมการเรียนรู้ประจำตำบล 125 ตำบล,325,
TZD-55A206AEA3,สกลนคร,ศูนย์พัฒนาครอบครัวในชุมชน (ศพค.),วิชาชีวิต,ตามอัธยาศัย,เด็ก เยาวชน และครอบครัวในชุมชน(สมาชิกในครอบครัว),"- ส่งเสริมกิจกรรมสถาบันครอบครัวผ่านกิจกรรมต่างๆ และ, - พัฒนาทักษะชีวิต การสื่อสาร การจัดการอารมณ์ ความรุนแรงในครอบครัว เน้นสร้างการอยู่ร่วมร่วมกันในครอบครัวอย่างเข้มแข็ง",,,ครอบคลุมทุกตำบลในจังหวัด (18 อำเภอ),326,
TZD-29A86C9A02,สกลนคร,ชมรมผู้ปกครองคนพิการทางสติปัญญา จังหวัดสกลนคร,วิชาชีวิต,ตามอัธยาศัย,ครอบครัวคนพิการทางสติปัญญา เด็กพิการ,จัดกิจกรรมส่งเสริมทักษะการดูแลคนพิการทางสติปัญญาแก่สมาชิกในครอบครัว ตลอดจนฝึกทักษะอาชีพส่งเสริมการจ้างงานคนพิการ,พรรณานิคม,นาหัวบ่อ,042-707528 ตำบลนาหัวบ่อ อำเภอพรรณานิคม จังหวัดสกลนคร,327,
TZD-8198E67870,สกลนคร,โรงเรียนผู้สูงอายุตำบล,วิชาชีวิต,ตามอัธยาศัย,ผู้สูงอายุ และสมาชิกในครอบครัว เด็กเยาวชน,"- จัดกิจกรรมส่งเสริมความสัมพันธ์ในครอบครัว การดูแลตนเองของ, - ร้องเพลงฝึกอาชีพ",,,ณ องค์กรปกครองส่วนท้องถิ่นทุกตำบล,328,
TZD-A799FA289D,สตูล,โรงเรียนบ้านสายควน,วิชาการ,ในระบบ,เด็กและเยาวชน,1 โรงเรียน 3 รูปแบบ,ท่าแพ,,อ.ท่าแพ จ.สตูล,329,
TZD-6AE449B3C4,สตูล,โรงเรียนบ้านวังปริง,วิชาการ,ในระบบ,เด็กและเยาวชน,การศึกษาทางเลือก,ท่าแพ,,อ.ท่าแพ จ.สตูล,330,
TZD-DCD6F0D1DE,สตูล,โรงเรียนบ้านเกาะหลีเป๊ะ,วิชาการ,ในระบบ,เยาวชน,การศึกษาทางไลก(อนนไลน์) ระดับ ม.4-ม.6,เมืองสตูล,,อ.เมือง จ.สลูล,331,
TZD-A47A0D6820,สตูล,ศูนย์พัฒนาฝีมือแรงงาน,วิชาชีพ,นอกระบบ,เยาวชนที่ต้งการมีทักษะวิชาชีพและแรงงานนอกระบบ,ฝึกอบรมทักษะวิชาชีพและฝึกในสถานประกอบการ,เมืองสตูล,คลองขุด,ต.คลองขุด อ.เมือง จ.สตูล,332,
TZD-8FF000FEBA,สตูล,ศูุนย์ฝึกวิชาชีพระยะสั้นของวิทยาลัยเทคนิคสตูล,วิชาชีพ,นอกระบบ,เด็กและเยาวชนนอกระบบการศึกษา,ฝึกอบรมวิชาชีพระยะสั้น,ควนโดน,,อ.ควนโดน จ.สตูล,333,
TZD-0D7BC4E5BB,สมุทรปราการ,สกร. ระดับอำเภอเมืองสมุทรปราการ,วิชาการ,นอกระบบ,เด็กและเยาวชนยอกระบบการศึกษาอายุ 15 ปี ขึ้นไป,จัดการเรียน การสอน เพื่อเทียบระดับการศึกษา การศึกษาขั้นพื้นฐาน และการศึกษาต่อเนื่อง สถานศึกษาในสังกัดทั้ง 6 แห่ง,,,อำเภอเมือง 13 ตำบล,334,
TZD-0ADB1511BD,สมุทรปราการ,สกร. ระดับอำเภอบางบ่อ,วิชาการ,นอกระบบ,เด็กและเยาวชนยอกระบบการศึกษาอายุ 15 ปี ขึ้นไป,จัดการเรียน การสอน เพื่อเทียบระดับการศึกษา การศึกษาขั้นพื้นฐาน และการศึกษาต่อเนื่อง สถานศึกษาในสังกัดทั้ง 6 แห่ง,,,อำเภอบางบ่อ 8 ตำบล,335,
TZD-E096CA15BA,สมุทรปราการ,สกร ระดับอำเภอบางพลี,วิชาการ,นอกระบบ,เด็กและเยาวชนยอกระบบการศึกษาอายุ 15 ปี ขึ้นไป,จัดการเรียน การสอน เพื่อเทียบระดับการศึกษา การศึกษาขั้นพื้นฐาน และการศึกษาต่อเนื่อง สถานศึกษาในสังกัดทั้ง 6 แห่ง,,,อำเภอบางพลี 6 ตำบล,336,
TZD-764A577441,สมุทรปราการ,สกร ระดับอำเภอพระประแดง,วิชาการ,นอกระบบ,เด็กและเยาวชนยอกระบบการศึกษาอายุ 15 ปี ขึ้นไป,จัดการเรียน การสอน เพื่อเทียบระดับการศึกษา การศึกษาขั้นพื้นฐาน และการศึกษาต่อเนื่อง สถานศึกษาในสังกัดทั้ง 6 แห่ง,พระประแดง,,อำเภอพระประแดง 3 ตำบล,337,
TZD-9971DD5A9C,สมุทรปราการ,สกร ระดับอำเภอพระสมุทรเจดีย์,วิชาการ,นอกระบบ,เด็กและเยาวชนยอกระบบการศึกษาอายุ 15 ปี ขึ้นไป,จัดการเรียน การสอน เพื่อเทียบระดับการศึกษา การศึกษาขั้นพื้นฐาน และการศึกษาต่อเนื่อง สถานศึกษาในสังกัดทั้ง 6 แห่ง,พระสมุทรเจดีย์,,อำเภอพระสมุทรเจดีย์ 15 ตำบล,338,
TZD-389634B3FE,สมุทรปราการ,สกร ระดับอำเภอบางเสาธง,วิชาการ,นอกระบบ,เด็กและเยาวชนยอกระบบการศึกษาอายุ 15 ปี ขึ้นไป,จัดการเรียน การสอน เพื่อเทียบระดับการศึกษา การศึกษาขั้นพื้นฐาน และการศึกษาต่อเนื่อง สถานศึกษาในสังกัดทั้ง 6 แห่ง,บางเสาธง,,อำเภอบางเสาธง 50 ตำบล,339,
TZD-5A85FEECB5,สมุทรปราการ,วิทยาลัยสารพัดช่างสมุทรปราการ,วิชาชีพ,นอกระบบ,เยาวชนที่ต้องการมีอาชีพ และแรงงานนอกระบบ,ฝึกอบรมทักษะอาชีพระยะสั้น,เมืองสมุทรปราการ,ปากน้ำ,ตำบลปากน้ำ อำเภอเมือง,340,
TZD-6D17B22022,สมุทรปราการ,สถาบันพัฒนาฝีมือแรงงาน,วิชาชีพ,นอกระบบ,เยาวชนที่ต้องการมีอาชีพ และแรงงานนอกระบบ,ฝึกอบรมทักษะอาชีพระยะสั้น,บางเสาธง,บางเสาธง,ตำบลบางเสาธง อำเภอบางเสาธง,341,
TZD-EE153A3333,สมุทรปราการ,ศูนย์พัฒนาศักยภาพและอาชีพคนพิการพระประแดง,วิชาชีพ,นอกระบบ,คนพิการอายุ 15- 45 ปี สามารถช่วยเหลือตัวเองได้,จัดบริการฝึกอาชีพ และฟื้นฟู สมรรถภาพคนพิการทางร่างกาย,พระประแดง,ทรงคนอง,ตำบลทรงคนอง อำเภอพระประแดง,342,
TZD-E538D138D6,สมุทรปราการ,โรงเรียนลูกพระดาบส,วิชาชีพ,นอกระบบ,เยาวชนที่ี่ต้องการมีทักษะอาชีพ และแรงงานนอกระบบ,ฝึกอบรมทักษะอาชีพระยะสั้ั้น,บางพลี,บางปลา,ตำบลบางปลา อำเภอบางพลี,343,
TZD-41FD140BE4,สมุทรสงคราม,โรงเรียนท้ายหาด,วิชาการ,นอกระบบ,เด็กและเยาวชนที่มีอายุ 15 ปีขึ้นไป,การศึกษายืดหยุ่นให้เด็กที่มีเวลาน้อยหรือกลุ่มเปราะบางให้เรียน จบ ม.3 ได้จริง,เมืองสมุทรสงคราม,ท้ายหาด,ตำบลท้ายหาด อำเภอเมือง,344,
TZD-795F46B469,สมุทรสงคราม,วิทยาลัยสารพัดช่างจังหวัด/วิทยาลัยอาชีวศึกษา,วิชาชีพ,นอกระบบ,เยาวชนที่ต้องการมีทักษะ,ฝึกอบรมทักษะอาชีพให้เข้ากับบริบทพื้นที่ เช่น มัคคุเทศน์ท้องถิ่น เกษตร,เมืองสมุทรสงคราม,,อำเภอเมือง,345,
TZD-756930FEC5,สมุทรสงคราม,การศึกษาชุมชน,วิชาชีวิต,ตามอัธยาศัย,เด็กและเยาวชนหรือบุคคลที่สนใจ,การใช้ทักษะชีวิต การอยู่ร่วมกัยในสังคม เป็นพลเมืองที่ดี ช่วยเหลือซึ่งกันและกัน,เมืองสมุทรสงคราม,,อำเภอเมือง,346,
TZD-457E10597F,สระบุรี,ศูนย์การเรียนรู้ระดับอำเภอทุกอำเภอในจังหวัดสระบุรี,วิชาการ,นอกระบบ,อายุ 15 ปีขึ้นไป เด็กที่หลุดจากในระบบ,การจัดการศึกษาขั้นพื้นฐาน และการจัดการศึกษาต่อเนื่อง การจัดการศึกษาตามอัธยาศัย,,,ศูนย์การเรียนรู้ระดับตำบลในอำเภอ ในจังหวัดสระบุรี,347,
TZD-6FF592CB1C,สระบุรี,วิทยาลัยการอาชีพสระบุรี,วิชาชีพ,ในระบบ,นร ใน รร สพฐ,การจัดการศึกษาแบบยืดหยุ่น,พระพุทธบาท,,อำเภอพระพุทธบาท,348,
TZD-05F342E269,สระบุรี,สถาบันพัฒนาฝีมือแรงงานจังหวัด,วิชาชีวิต,ตามอัธยาศัย,อายุ 15 ปี อายุไม่เกิน 25 ปี,อบรมหลักสูตรระยะสั้น,หนองโดน,,อำเภอหนองโดน,349,
TZD-B04EE5CB02,สิงห์บุรี,ศูนย์ส่งเสริมการเรียนรู้ระดับอำเภอ,วิชาการ,นอกระบบ,15 ปีขึ้นไป,การจัดการศึกษาขั้นพื้นฐานและการศึกษาต่อเนื่องและการศึกษาเทียบระดับ,,,ทุกอำเภอในจังหวัด อำเภอละ 1 แห่ง,350,
TZD-EAFE12D6A2,สิงห์บุรี,วิทยาลัยการอาชีพอินทร์บุรี (ปวช./ปวส.) อาชีวศึกษา,วิชาชีพ,ในระบบ,เด็กและเยาวชนที่ต้องการมีทักษะอาชีพ,ฝึกอบรมทักษะอาชีพเพื่อเตรียมพร้อมให้กับนักเรียนในการทำงานหลากหลายสาขา,อินทร์บุรี,,อำเภออินทร์บุรี,351,
TZD-D16AE4FB56,สิงห์บุรี,วิทยาลัยเกษตรและเทคโนโลยีสิงห์บุรี (อาชีวศึกษา),วิชาชีพ,ในระบบ,เด็กและเยาวชนที่ต้องการมีทักษะอาชีพ,ฝึกอบรมทักษะอาชีพเพื่อเตรียมพร้อมให้กับนักเรียนในการทำงานหลากหลายสาขา,สิงห์บุรี,ม่วงหมู,ตำบลม่วงหมู อำเภอเมืองสิงห์บุรี,352,
TZD-9155C1108E,สิงห์บุรี,วิทยาลัยอาชีวศึกษาสิงห์บุรี,วิชาชีพ,ในระบบ,เด็กและเยาวชนที่ต้องการมีทักษะอาชีพ,ฝึกอบรมทักษะอาชีพเพื่อเตรียมพร้อมให้กับนักเรียนในการทำงานหลากหลายสาขา,,,,353,
TZD-498F6726C5,สิงห์บุรี,วิทยาลัยเทคนิคสิงห์บุรี,วิชาชีพ,ในระบบ,เด็กและเยาวชนที่ต้องการมีทักษะอาชีพ,ฝึกอบรมทักษะอาชีพเพื่อเตรียมพร้อมให้กับนักเรียนในการทำงานหลากหลายสาขา,,,,354,
TZD-69674C60B2,สิงห์บุรี,วิทยาลัยเทคนิคสิงห์บุรี แห่งที่ 2,วิชาชีพ,ในระบบ,เด็กและเยาวชนที่ต้องการมีทักษะอาชีพ,ฝึกอบรมทักษะอาชีพเพื่อเตรียมพร้อมให้กับนักเรียนในการทำงานหลากหลายสาขา,ท่าช้าง,โพธิ์ประจักษ์,ตำบลโพธิ์ประจักษ์ อำเภอท่าช้าง,355,
TZD-57F5EBFB25,สุพรรณบุรี,ศูนย์การเรียนรู้วิถีชีวิตและจิตวิญญาณชาวนาไทย,วิชาชีวิต,ตามอัธยาศัย,ประชาชนทั่วไปที่สนใจ,การเรียนรู้วิถีเกษตรกรรม องค์ความรู้ใหม่ๆ เช่น การปลูกข้าว,เมืองสุพรรณบุรี,,อำเภอเมืองสุพรรณบุรี,356,
TZD-A355C0272A,สุพรรณบุรี,วิทยาลัยเทคนิคสุพรรณบุรี,วิชาชีพ,นอกระบบ,เด็กและเยาวชนนอกระบบการศึกษา,ฝึกอาชีพระยะสั้น,เมืองสุพรรณบุรี,,อำเภอเมืองสุพรรณบุรี,357,
TZD-4D316EB02A,สุพรรณบุรี,วิทยาลัยอาชีพสองพี่น้อง,วิชาชีพ,นอกระบบ,เด็กและเยาวชนนอกระบบการศึกษา,ฝึกอาชีพระยะสั้น,สองพี่น้อง,,อำเภอสองพี่น้อง,358,
TZD-14E1D55DFD,สุพรรณบุรี,สกร. จังหวัดสุพรรณบุรี,วิชาการ,นอกระบบ,เด็กและเยาวชนอายุ 15 ปีขึ้นไป,การศึกษาขั้นพื้นฐานเทียบวุฒิประถมศึกษา มัธยมศึกษา,,,,359,
TZD-351D7FA13F,สุพรรณบุรี,สกร. อำเภอเมือง,วิชาการ,นอกระบบ,เด็กและเยาวชนอายุ 15 ปีขึ้นไป,การศึกษาขั้นพื้นฐานเทียบวุฒิประถมศึกษา มัธยมศึกษา,เมืองสุพรรณบุรี,,อำเภอเมือง,360,
TZD-EDEE7295BB,สุพรรณบุรี,สกร. อำเภอบางปะม้า,วิชาการ,นอกระบบ,เด็กและเยาวชนอายุ 15 ปีขึ้นไป,การศึกษาขั้นพื้นฐานเทียบวุฒิประถมศึกษา มัธยมศึกษา,บางปะม้า,,อำเภอบางปะม้า,361,
TZD-39A5D41B21,สุพรรณบุรี,สกร. อำเภอศรีประจันต์,วิชาการ,นอกระบบ,เด็กและเยาวชนอายุ 15 ปีขึ้นไป,การศึกษาขั้นพื้นฐานเทียบวุฒิประถมศึกษา มัธยมศึกษา,ศรีประจันต์,,อำเภอศรีประจันต์,362,
TZD-40600CCE99,สุพรรณบุรี,สกร. อำเภออู่ทอง,วิชาการ,นอกระบบ,เด็กและเยาวชนอายุ 15 ปีขึ้นไป,การศึกษาขั้นพื้นฐานเทียบวุฒิประถมศึกษา มัธยมศึกษา,อู่ทอง,,อำเภออู่ทอง,363,
TZD-F8903A8FA8,สุพรรณบุรี,สกร. อำเภอสองพี่น้อง,วิชาการ,นอกระบบ,เด็กและเยาวชนอายุ 15 ปีขึ้นไป,การศึกษาขั้นพื้นฐานเทียบวุฒิประถมศึกษา มัธยมศึกษา,สองพี่น้อง,,อำเภอสองพี่น้อง,364,
TZD-C581947315,สุพรรณบุรี,สกร. อำเภอดอนเจดีย์,วิชาการ,นอกระบบ,เด็กและเยาวชนอายุ 15 ปีขึ้นไป,การศึกษาขั้นพื้นฐานเทียบวุฒิประถมศึกษา มัธยมศึกษา,ดอนเจดีย์,,อำเภอดอนเจดีย์,365,
TZD-EAF4295644,สุพรรณบุรี,สกร. อำเภอสามชุก,วิชาการ,นอกระบบ,เด็กและเยาวชนอายุ 15 ปีขึ้นไป,การศึกษาขั้นพื้นฐานเทียบวุฒิประถมศึกษา มัธยมศึกษา,สามชุก,,อำเภอสามชุก,366,
TZD-C4C71B66CF,สุพรรณบุรี,สกร. อำเภอเดิมบางนางบวช,วิชาการ,นอกระบบ,เด็กและเยาวชนอายุ 15 ปีขึ้นไป,การศึกษาขั้นพื้นฐานเทียบวุฒิประถมศึกษา มัธยมศึกษา,เดิมบางนางบวช,,อำเภอเดิมบางนางบวช,367,
TZD-26E4F28DA7,สุพรรณบุรี,สกร. หนองหญ้าไซ,วิชาการ,นอกระบบ,เด็กและเยาวชนอายุ 15 ปีขึ้นไป,การศึกษาขั้นพื้นฐานเทียบวุฒิประถมศึกษา มัธยมศึกษา,หนองหญ้าไซ,,หนองหญ้าไซ,368,
TZD-66771A0F51,สุพรรณบุรี,สกร. อำเภอด่านช้าง,วิชาการ,นอกระบบ,เด็กและเยาวชนอายุ 15 ปีขึ้นไป,การศึกษาขั้นพื้นฐานเทียบวุฒิประถมศึกษา มัธยมศึกษา,ด่านช้าง,,อำเภอด่านช้าง,369,
TZD-C7D0519B5F,สุพรรณบุรี,โรงเรียนอู่ทองศึกษาลัย,วิชาการ,3 รูปแบบ,เด็กและเยาวชนอายุ 13 - 18 ปี,การศึกษาแบบยืดหยุ่น,อู่ทอง,อู่ทอง,ตำบลอู่ทอง อำเภออู่ทอง,370,
TZD-348A5DE0F1,สุพรรณบุรี,โรงเรียนทุ่งคลีโคกช้างวิทยา,วิชาการ,3 รูปแบบ,เด็กและเยาวชนอายุ 13 - 18 ปี,การศึกษาแบบยืดหยุ่น,เดิมบางนางบวช,โคกช้าง,ตำบลโคกช้าง อำเภอเดิมบางนางบวช,371,
TZD-C839DB17AF,สุราษฎร์ธานี,สกร. ระดับอำเภอ 19 อำเภอ,วิชาการ,,เด้กและเยาวชนนอกระบบการศึกษา อายุ 15 ปี ขึ้นไป และเยาวชนในพื้นที่,จัดการเรียนการสอนระดับการศึกษาขั้นพื้นฐาน เทียบระดับการศึกษาและการศึกษาตลอดชีวิต,,,สกร. ระดับอำเภอและ ศกร. ระดับตำบลในจังหวัดสุราษฎร์ธานี,372,ยังไม่ระบุรูปแบบการศึกษา
TZD-81CE160D82,สุราษฎร์ธานี,สกร. ระดับตำบล 131 ตำบล,วิชาการ,,เด้กและเยาวชนนอกระบบการศึกษา อายุ 15 ปี ขึ้นไป และเยาวชนในพื้นที่,จัดการเรียนการสอนระดับการศึกษาขั้นพื้นฐาน เทียบระดับการศึกษาและการศึกษาตลอดชีวิต,,,สกร. ระดับอำเภอและ ศกร. ระดับตำบลในจังหวัดสุราษฎร์ธานี,373,ยังไม่ระบุรูปแบบการศึกษา
TZD-B19AEDC510,สุราษฎร์ธานี,วิทยาลัยสารพัดสุราษฎร์ธานี สำนักงานส่งเสริมการเรียนรู้ประจำจังหวัด,วิชาชีพ,นอกระบบ,เยาวชนที่ต้องการมีทักษะอาชีพ,ฝึกอบรมพัฒนาอาชีพระยะสั้น learn to earn สร้างรายได้ เช่น ช่างตัดผม ช่างเสริมสวย ช่างซ่อมบำรุงจักรยาน ช่างซ่อมเครื่องใช้ไฟฟ้า อาหารจานเดียว,,,,374,
TZD-85DA5C095A,สุราษฎร์ธานี,สำนักงานพัฒนาสังคมและความมั่นคงของมนุษย์จังหวัดสุราษฎร์ธานี,วิชาชีพ,ตามอัธยาศัย,,กระบวนการติดตาม การพัฒนาทักษะชีวิตและครอบครัวของเด็กผ่านกลไก คณะกรรมการคุ้มครองเด็กจังหวัดสุราษฎร์ธานี เชื่อมโยงศูนย์คุ้มครองเด็กระดับตำบล,,,,375,ยังไม่ระบุกลุ่มเป้าหมาย
TZD-648DF95347,สุรินทร์,สกร. ระดับอำเภอ 17 อำเภอ มีศูนย์การเรียนรู้ 158 แห่ง,วิชาการ,นอกระบบ,เด็ก/เยาวชน 15 ปีขึ้นไป,"- จัดการเรียนรู้ตลอดชีวิต, - จัดการเรียนรู้เพื่อพัฒนนาตนเอง, - จัดการเรียนรู้เพื่อคุณวุฒิตามระดับ",,,สกร. ระดับอำเภอ 17 แห่ง สกร. ระดับตำบล 158 แห่ง,376,
TZD-D7F4926AE5,สุรินทร์,สถานศึกษาสังกัดอาชีวศึกษา,วิชาชีพ,นอกระบบ,เยาวชนที่ต้องการฝึกอาชีพ,ฝึกอบรมทักษะอาชีพระยะสั้น,,,8 แห่ง - อาชีวศึกษาสุริทนร์ - เทคนิคสุรินทร์ - เทคนิครัตนบุรี - สารพัดช่างสุรินทร์ - การอาชีพสังขะ,377,
TZD-AE159250E2,สุรินทร์,ศูนย์การศึกษาพิเศษประจำจังหวัดสุรินทร์,วิชาชีวิต,ตามอัธยาศัย,เด็กและเยาวชนนอกระบบ,แผนการจัดการศึกษา (IEP) ออกแบบการเรียนรู้ที่ยืดหยุ่นตามศักยภาพ,เมืองสุรินทร์,ท่าสว่าง,ต.ท่าสว่าง อ.เมืองสุรินทร์,378,
TZD-0DF74D70D6,สุรินทร์,โรงเรียนโสตศึกษาจังหวัดสุรินทร์,วิชาชีวิต,ตามอัธยาศัย,เด็กและเยาวชนนอกระบบ,เน้นการช่วยเหลือตนเอง (ADL) และการเตรียมความพร้อมเพื่อประกอบอาชีพ,ปราสาท,เชื้อเพลิง,ต.เชื้อเพลิง อ.ปราสาท จ.สุรินทร์,379,
TZD-705E37A84E,หนองบัวลำภู,สกร. อ.เมือง,วิชาการ,นอกระบบ,เด็กและเยาวชนนอกระบบการศึกษาอายุ 15 ปีขึ้นไป,จัดการเรียนการสอนเพื่อเทียบระดับการศึกษา การศึกษาขั้นพื้นฐานและการศึกษาต่อเนื่อง,เมืองหนองบัวลำภู,หนองบัว,ต.หนองบัว อ.เมือง,380,
TZD-1140A31F8D,หนองบัวลำภู,สกร. อ.ศรีบุญเรือง,วิชาการ,นอกระบบ,,,ศรีบุญเรือง,เมืองใหม่,ต.เมืองใหม่ อ.ศรีบุญเรือง,381,ยังไม่ระบุขอบเขต/รูปแบบการเรียนรู้; ยังไม่ระบุกลุ่มเป้าหมาย
TZD-D7E0CBB349,หนองบัวลำภู,สกร. อ.นาวัง,วิชาการ,นอกระบบ,,,นาวัง,นาเหล่า,ต.นาเหล่า อ.นาวัง,382,ยังไม่ระบุขอบเขต/รูปแบบการเรียนรู้; ยังไม่ระบุกลุ่มเป้าหมาย
TZD-EA063A2D23,หนองบัวลำภู,สกร. อ.นากลาง,วิชาการ,นอกระบบ,,,นากลาง,นากลาง,ต.นากลาง อ.นากลาง,383,ยังไม่ระบุขอบเขต/รูปแบบการเรียนรู้; ยังไม่ระบุกลุ่มเป้าหมาย
TZD-1AA2E4BF11,หนองบัวลำภู,สกร. อ.โนนสัง,วิชาการ,นอกระบบ,,,โนนสัง,โนนสัง,ต.โนนสัง อ.โนนสัง,384,ยังไม่ระบุขอบเขต/รูปแบบการเรียนรู้; ยังไม่ระบุกลุ่มเป้าหมาย
TZD-C652EF258A,หนองบัวลำภู,สกร. อ.สุวรรณคูหา,วิชาการ,นอกระบบ,,,สุวรรณคูหา,สุวรรณคูหา,ต.สุวรรณคูหา อ.สุวรรณคูหา,385,ยังไม่ระบุขอบเขต/รูปแบบการเรียนรู้; ยังไม่ระบุกลุ่มเป้าหมาย
TZD-7ECCA7E635,หนองบัวลำภู,สกร. ระดับตำบล,วิชาการ,นอกระบบ,,,,,,386,ยังไม่ระบุขอบเขต/รูปแบบการเรียนรู้; ยังไม่ระบุกลุ่มเป้าหมาย
TZD-2E9323EA1E,หนองบัวลำภู,สำนักงานพัฒนาฝีมือแรงงานจังหวัดหนองบัวลำภู,วิชาชีพ,นอกระบบ,เยาวชนที่ต้องการมีทักษะอาชีพและพัฒนาฝีมือทักษะในการทำงาน,ฝึกอบรมทักษะอาชีพระยะสั้น เช่น ทำอาหารและขนม ช่างกล ตัดแต่งทรงผมสตรี,เมืองหนองบัวลำภู,โพธิ์ชัย,ต.โพธิ์ชัย อ.เมือง,387,
TZD-BBA801D566,หนองบัวลำภู,วิทยาลัยชุมชนหนองบัวลำภู,วิชาชีพ,นอกระบบ,เยาวชนที่ต้องการมีทักษะอาชีพและพัฒนาฝีมือทักษะในการทำงาน,หลักสูตรอนุปริญญาและหลักสูตรระยะสั้นที่ตอบโจทย์วัยทำงาน,เมืองหนองบัวลำภู,บ้านพร้าว,ต.บ้านพร้าว อ.เมือง,388,
TZD-BC184A0E9E,อำนาจเจริญ,กศน.อำเภอ/สกร.ตำบล,วิชาการ,นอกระบบ,ทุกช่วงวัย,จัดการศึกษาขั้นพื้นฐาน,,,ตำบลทุกตำบล/สกร. อำเภอทุกอำเภอ,389,
TZD-12306EEF4C,อำนาจเจริญ,วิทยาลัยเทคนิคอำนาจเจริญ/วิทยาลัยเทคนิคหัวตะพาน,วิชาการ,นอกระบบ,ทุกช่วงวัย,,,,ตำบลทุกตำบล/สกร. อำเภอทุกอำเภอ,390,ยังไม่ระบุขอบเขต/รูปแบบการเรียนรู้
TZD-481F4ECDF5,อำนาจเจริญ,ฝีมือแรงงาน/จังหวัด,วิชาชีพ,ตามอัธยาศัย,บุคคลทั่วไป,หลักสูตรการฝึกอบรมศาสตร์ต่างๆ,,,บุคคลทั่วไป),391,
TZD-A3D12D38CC,อำนาจเจริญ,เทคนิค/อาชีวะ,วิชาชีพ,ในระบบ,นักเรียน/บุคคลทั่วไป,การจัดการเรียนรู้,,,วิทยาลัยเทคนิคอำนาจเจริญ และวิทยาลัยหัวตะพาน,392,
TZD-1916475AEB,อำนาจเจริญ,พัฒนาชุมชน,วิชาชีพ,ตามอัธยาศัย,บุคคลทั่วไป,การฝึกทักษะอาชีพ หลักสูตรระยะสั้น,,,พัฒนาชุมชนอำเภอ,393,
TZD-12FA0FCC65,อุดรธานี,วิทยาลัยเทคนิคจังหวัด,วิชาชีพ,นอกระบบ,เด็กและเยาวชนนอกระบบ,สาขาช่างยนต์ สาขาช่างไฟฟ้า,เมืองอุดรธานี,,ถนนอดุลยเดช อำเภอเมือง จังหวัดอุดรธานี,394,
TZD-1A1DAE2543,อุดรธานี,สถาบันพัฒนาฝีมือแรงงาน 18,วิชาชีพ,นอกระบบ,เด็กและเยาวชนนอกระบบการศึกษา,"ทักษะอาชีพช่างแอร์, ช่างไฟฟ้า, ช่างแม็ก, ช่างยนต์",เมืองอุดรธานี,บ้านจั่น,เทศบาลบ้านจั่น อำเภอเมือง จังหวัดอุดรธานี,395,
TZD-79AD74DF6D,อุดรธานี,วิทยาลัยสารพัดช่างจังหวัด,วิชาชีพ,ในระบบ,เด็กและเยาวชนในระบบการศึกษา,ฝึกและพัฒนาทักษะอาชีพ,เมืองอุดรธานี,,อำเภอเมือง จังหวัดอุดรธานี,396,ชื่อและจังหวัดตรงกับรายการอื่น แต่รายละเอียดต่างกัน
TZD-7095E6E65A,อุดรธานี,วิทยาลัยสารพัดช่างจังหวัด,วิชาชีพ,นอกระบบ,เด็กและเยาวชนนอกระบบการศึกษา,ฝึกและพัฒนาทักษะอาชีพ,เมืองอุดรธานี,,อำเภอเมือง จังหวัดอุดรธานี,397,ชื่อและจังหวัดตรงกับรายการอื่น แต่รายละเอียดต่างกัน
TZD-F9F0C9628E,อุดรธานี,วิทยาลัยอาชีวศึกษา,วิชาชีพ,ในระบบ,เด็กและเยาวชนในระบบการศึกษา,ทักษะอาชีพสาขางานฝีมือสิ่งทอ,เมืองอุดรธานี,,อำเภอเมือง จังหวัดอุดรธานี,398,ชื่อและจังหวัดตรงกับรายการอื่น แต่รายละเอียดต่างกัน
TZD-DA00BF4636,อุดรธานี,วิทยาลัยอาชีวศึกษา,วิชาชีพ,นอกระบบ,เด็กและเยาวชนนอกระบบการศึกษา,ทักษะอาชีพผลิตภัณฑ์งานผ้า งานฝีมือ,เมืองอุดรธานี,,อำเภอเมือง จังหวัดอุดรธานี,399,ชื่อและจังหวัดตรงกับรายการอื่น แต่รายละเอียดต่างกัน
TZD-21DA1462E3,อุดรธานี,โรงเรียนในสังกัดสพม,วิชาการ,ในระบบ,เด็กและเยาวชนในระบบที่ไม่มาเรียน เนื่องจากมีเหตุจำเป็น,เรียนผ่านระบบออนไลน์ ครูนำในงานมาให้ที่บ้าน ผู้เรียนมาเข้าร่วมกิจกรรมบางครั้ง,,,โรงเรียนมัธยมศึกษาในสังกัด สพม อุดรธานี ที่ดำเนินตามนโยบายสพฐ 1 โรงเรียน 3 รูปแบบ,400,
TZD-4AAB367746,อุดรธานี,โรงเรียนในสังกัดสพป,วิชาการ,ในระบบ,เด็กและเยาวชนในระบบที่ไม่มาเรียน เนื่องจากมีเหตุจำเป็น,เรียนผ่านระบบออนไลน์ ครูนำในงานมาให้ที่บ้าน ผู้เรียนมาเข้าร่วมกิจกรรมบางครั้ง,,,โรงเรียนมัธยมศึกษาในสังกัด สพป อุดรธานี ที่ดำเนินตามนโยบายสพฐ 1 โรงเรียน 3 รูปแบบ,401,
TZD-C78CDA0BE2,อุดรธานี,บ้านพักเด็กและเยาวชนจังหวัด,วิชาชีวิต,,เด็กและเยาวชนที่เป็นไปตาม พรบ คุ้มครองเด็ก,ทักษะชีวิต,เมืองอุดรธานี,,อำเภอเมือง จังหวัดอุดรธานี,402,ยังไม่ระบุรูปแบบการศึกษา
TZD-837A5EE268,อุตรดิตถ์,มหาวิทยาลัยราชภัฎอุตรดิตถ์,วิชาการ,ในระบบ,นักเรียนชั้นมัธยมศึกษาตอนปลาย,จัดการเรียนรู้ในหลักสูตรเตรียมวิศวกรรม,เมืองอุตรดิตถ์,ท่าอิฐ,ตำบลท่าอิฐ อำเภอเมืองอุตรดิตถ์,403,
TZD-F2334F21CC,อุตรดิตถ์,วิทยาลัยสารพัดช่างอุตรดิตถ์,วิชาชีพ,นอกระบบ,ประชาชนทั่วไป,"หลักสูตรวิชาชีพระยะสั้น เช่น โปรแกรมคอมพิวเตอร์, ขนมอบยอดนิยม, ทรงผมสไตล์แฟชั่น, การขับรถยนต์, การแต่งหน้า, โปรแกรมสำเร็จรูปสำหรับสำนักงานเป็นต้น",เมืองอุตรดิตถ์,ท่าอิฐ,ตำบลท่าอิฐ อำเภอเมืองอุตรดิตถ์,404,
TZD-8805A6C946,อุตรดิตถ์,ศูนย์การเรียนสถาบันการเรียนรู้ตลอดชีวิตเพื่อสังคม (โรงเรียน 4 ตารางวา),วิชาชีวิต,ตามอัธยาศัย,เด็กขาดโอกาสทางการศึกษา,แจกใบงานเรียนรู้ด้วยตนเองโดยชุมชนเข้ามามีส่วนร่วมตามความสนใจของผู้เรียน,เมืองอุตรดิตถ์,คุ้งตะเภา,ตำบลคุ้งตะเภา อำเภอเมืองอุตรดิตถ์,405,
TZD-1BA0C5E831,อุทัยธานี,ศสกร. ประจำอำเภอ,วิชาการ,นอกระบบ,เด็กและเยาวชนอายุ 15 ปีขึ้นไป,จัดการเรียนการสอนเทียบระดับการศึกษาขั้นพื้นฐานและการศึกษาต่อเนื่อง,,,ทุกอำเภอในจ.อุทัยธานี,406,
TZD-CDC20D8399,อุทัยธานี,ศูนย์การศึกษาพิเศษ ประจำจ.อุทัยธานี,วิชาการ,ในระบบ,แรกเกิด - 18 ปี,จัดการเรียนการสอนให้กับเด็กพิเศษ,เมืองอุทัยธานี,,อ.เมือง จ.อุทัยธานี,407,
TZD-00848BD4C4,อุทัยธานี,วิทยาลัยเทคนิคอุทัยธานี,วิชาชีพ,ในระบบ,เด็กอายุ 15 ปีขึ้นไป,จัดการเรียนการสอนสายอาชีพ,เมืองอุทัยธานี,,อ.เมือง จ.อุทัยธานี,408,
TZD-05E5B4EF27,อุทัยธานี,วิทยาลัยชุมชน จ.อุทัยธานี,วิชาชีพ,ในระบบ,เด็กอายุ 15 ปีขึ้นไป,จัดการเรียนการสอนสายอาชีพ,บ้านไร่,,อ.บ้านไร่ จ.อุทัยธานี,409,
TZD-F3D130D539,อุทัยธานี,วิทยาลัยเกษตรฯ จ.อุทัยธานี,วิชาชีพ,ในระบบ,เด็กอายุ 15 ปีขึ้นไป,จัดการเรียนการสอนสายอาชีพ,เมืองอุทัยธานี,,อ.เมือง จ.อุทัยธานี,410,
TZD-C9EA7A9D24,อุทัยธานี,วิทยาลัยสารพัดช่าง,วิชาชีพ,ในระบบ,เด็กอายุ 15 ปีขึ้นไป,จัดการเรียนการสอนสายอาชีพ,เมืองอุทัยธานี,,อ.เมือง จ.อุทัยธานี,411,
TZD-A2398823B2,อุทัยธานี,ศูนย์วงเดือน อาคมสุรทัณฑ์,วิชาชีพ,ตามอัธยาศัย,ทุกช่วงอายุ,จัดการเรียนการสอนด้านการฝึกอาชีพ,เมืองอุทัยธานี,,อ.เมือง จ.อุทัยธานี,412,
TZD-445345D581,อุบลราชธานี,โรงเรียนในสังกัด สพป. อุบลฯ 1-5,วิชาการ,ในระบบ,เด็กและเยาวชน 3-18 ปี,-,,,,413,
TZD-5B714A8A69,อุบลราชธานี,โรงเรียนในสังกัด สพม.,วิชาการ,ในระบบ,เด็กและเยาวชน 12-18 ปี,-,,,,414,
TZD-9F94A9D7A4,อุบลราชธานี,ศูนย์ส่งเสริมการเรียนตลอดชีวิต 25 อำเภอ,วิชาการ,นอกระบบ,15 ปีขึ้นไป,-,,,,415,
TZD-6430407ED3,อุบลราชธานี,โรงเรียนในสังกัดเอกชน,วิชาการ,ในระบบ,3-18 ปี,-,,,,416,
TZD-ADA833AC80,อุบลราชธานี,วิทยาลัยเทคนิคอุบลราชธานี(สารพัดช่างเดิม),วิชาชีพ,,-,-,,,,417,ยังไม่ระบุรูปแบบการศึกษา
TZD-2D1A564793,อุบลราชธานี,วิทยาลัยเทคนิคอุบลราชธานี,วิชาชีพ,,-,-,,,,418,ยังไม่ระบุรูปแบบการศึกษา
TZD-1FCA2341B4,อุบลราชธานี,วิทยาลัยอาชีวศึกษาอุบลฯ,วิชาชีพ,,-,-,,,,419,ยังไม่ระบุรูปแบบการศึกษา
TZD-0968332BAF,อุบลราชธานี,สถาบันพัฒนาฝีมือแรงงาน,วิชาชีพ,,-,-,,,,420,ยังไม่ระบุรูปแบบการศึกษา
TZD-4942730457,อุบลราชธานี,วิทยาลัยอาชีวศึกษาโปลีเทคนิคภาคตะวันออกเฉียงเหนือ,วิชาชีพ,,-,-,,,,421,ยังไม่ระบุรูปแบบการศึกษา
TZD-E3A6A150D7,อ่างทอง,สกร.อำเภอทุกแห่ง (ศูนย์การเรียนรู้ชุมชน),วิชาการ,นอกระบบ,เด็กและเยาวชนนอกระบบการศึกษา,จัดการเรียนการสอนเพื่อเทียบระดับการศึกษาขั้นพื้นฐาน และการศึกษาต่อเนื่อง,เมืองอ่างทอง,,อำเภอเมือง,422,ชื่อและจังหวัดตรงกับรายการอื่น แต่รายละเอียดต่างกัน
TZD-FD81C64075,อ่างทอง,สกร.อำเภอทุกแห่ง (ศูนย์การเรียนรู้ชุมชน),วิชาการ,นอกระบบ,เด็กและเยาวชนนอกระบบการศึกษา,จัดการเรียนการสอนเพื่อเทียบระดับการศึกษาขั้นพื้นฐาน และการศึกษาต่อเนื่อง,ป่าโมก,,อำเภอป่าโมก,423,ชื่อและจังหวัดตรงกับรายการอื่น แต่รายละเอียดต่างกัน
TZD-8C594007EA,อ่างทอง,สกร.อำเภอทุกแห่ง (ศูนย์การเรียนรู้ชุมชน),วิชาการ,นอกระบบ,เด็กและเยาวชนนอกระบบการศึกษา,จัดการเรียนการสอนเพื่อเทียบระดับการศึกษาขั้นพื้นฐาน และการศึกษาต่อเนื่อง,ไชโย,,อำเภอไชโย,424,ชื่อและจังหวัดตรงกับรายการอื่น แต่รายละเอียดต่างกัน
TZD-3E6CB7BE22,อ่างทอง,สกร.อำเภอทุกแห่ง (ศูนย์การเรียนรู้ชุมชน),วิชาการ,นอกระบบ,เด็กและเยาวชนนอกระบบการศึกษา,จัดการเรียนการสอนเพื่อเทียบระดับการศึกษาขั้นพื้นฐาน และการศึกษาต่อเนื่อง,โพธิ์ทอง,,อำเภอโพธิ์ทอง,425,ชื่อและจังหวัดตรงกับรายการอื่น แต่รายละเอียดต่างกัน
TZD-83396659E3,อ่างทอง,สกร.อำเภอทุกแห่ง (ศูนย์การเรียนรู้ชุมชน),วิชาการ,นอกระบบ,เด็กและเยาวชนนอกระบบการศึกษา,จัดการเรียนการสอนเพื่อเทียบระดับการศึกษาขั้นพื้นฐาน และการศึกษาต่อเนื่อง,แสวงหา,,อำเภอแสวงหา,426,ชื่อและจังหวัดตรงกับรายการอื่น แต่รายละเอียดต่างกัน
TZD-33BE25AA02,อ่างทอง,สกร.อำเภอทุกแห่ง (ศูนย์การเรียนรู้ชุมชน),วิชาการ,นอกระบบ,เด็กและเยาวชนนอกระบบการศึกษา,จัดการเรียนการสอนเพื่อเทียบระดับการศึกษาขั้นพื้นฐาน และการศึกษาต่อเนื่อง,วิเศษชัยชาญ,,อำเภอวิเศษชัยชาญ,427,ชื่อและจังหวัดตรงกับรายการอื่น แต่รายละเอียดต่างกัน
TZD-19E3E99870,อ่างทอง,โรงเรียนวิเศษไชยชาญ ตันติวิทยาภูมิ,วิชาการ,ในระบบ,นักเรียน,จัดการเรียนรู้หลักสูตรท้องถิ่น ศึกษาแหล่งเรียนรู้พิพิธภัณฑ์ตำนานเมืองอ่างทอง และพิพิธภัณฑ์ภาพถ่ายพระราชพิธีบรมวรราชาภิเษก,วิเศษชัยชาญ,,อำเภอวิเศษชัยชาญ,428,
TZD-7E235C65ED,อ่างทอง,โครงการฟาร์มตัวอย่างในสมเด็จพระนางเจ้าสิริกิติ์(ฟาร์มสีบัวทอง),วิชาชีพ,นอกระบบ,นักรียน/พม./ประชาชน,ฝึกปฏิบัติ/เรียนรู้ทฤษฎีแนวทางการจัดการเกษตร,แสวงหา,สีบัวทอง,บ้านยางกลาง ตำบลสีบัวทอง อำเภอแสวงหา จังหวัดอ่างทอง,429,
TZD-0BCE2DAD0D,อ่างทอง,โครงการแก้มลิงหนองเจ็ดเส้น (การจัดการน้ำและการเกษตร,วิชาชีพ,นอกระบบ,นักรียน/พม./ประชาชน,ฝึกปฏิบัติ/เรียนรู้ทฤษฎีแนวทางการจัดการเกษตร,ป่าโมก,,อำเภอป่าโมก,430,ชื่อและจังหวัดตรงกับรายการอื่น แต่รายละเอียดต่างกัน
TZD-4ADF4568E7,อ่างทอง,โครงการแก้มลิงหนองเจ็ดเส้น (การจัดการน้ำและการเกษตร,วิชาชีพ,นอกระบบ,นักรียน/พม./ประชาชน,ฝึกปฏิบัติ/เรียนรู้ทฤษฎีแนวทางการจัดการเกษตร,เมืองอ่างทอง,,อำเภอเมือง,431,ชื่อและจังหวัดตรงกับรายการอื่น แต่รายละเอียดต่างกัน
TZD-1002BE30DF,อ่างทอง,ศูนย์ตุ๊กตาชาววัง,วิชาชีพ,นอกระบบ,นักรียน/พม./ประชาชน,ฝึกปฏิบัติ/เรียนรู้ทฤษฎีแนวทางการจัดการเกษตร,เมืองอ่างทอง,,,432,
TZD-3320C32DD7,อ่างทอง,วัดขุนอินทประมูล วัดม่วง,วิชาชีพ,นอกระบบ,นักรียน/พม./ประชาชน,ฝึกปฏิบัติ/เรียนรู้ทฤษฎีแนวทางการจัดการเกษตร,,,,433,
TZD-073E93F006,เชียงราย,ศูนย์การเรียนรู้ม่อนแสงดาว วิชชาลัย,วิชาชีวิต,ตามอัธยาศัย,เด็กและเยาวชน,จัดกิจกรรมพัฒนาชีวิต,,,,434,
TZD-FB509C49AC,เชียงราย,ศูนย์พัฒนาครอบครัว (ศพค.),วิชาชีวิต,ตามอัธยาศัย,เด็กและเยาวชน,จัดกิจกรรมพัฒนาชีวิต,,,,435,
TZD-A523E23B35,เชียงราย,ศูนย์การเรียนณชจันทร์,วิชาชีวิต,ตามอัธยาศัย,เด็กและเยาวชน,จัดกิจกรรมพัฒนาชีวิต,,,,436,
TZD-F0115B11ED,เชียงราย,สกร.ระดับอำเภอ/ตำบล,วิชาการ,นอกระบบ,เด็กและเยาวชน,การจัดการศึกษาตามอัธยาศัย,,,สกร.ทุกพื้นที่ในจังหวัด,437,
TZD-4951087965,เชียงราย,โรงเรียนในระบบ,วิชาการ,ในระบบ,นักเรียนในระบบ,การจัดการศึกษา 3 ระดับ,,,ทุกโรงเรียนในจังหวัด,438,
TZD-2E54EE7D05,เชียงราย,อาชีวศึกษาสำนักงาน (วิทยาลัยในสังกัด),วิชาชีพ,ในระบบ,เด็กและเยาวชน,,,,,439,ยังไม่ระบุขอบเขต/รูปแบบการเรียนรู้
TZD-5BB3037E43,เชียงใหม่,ศกร. ระดับอำเภอทุกอำเภอ,วิชาการ,นอกระบบ,เด็กและเยาวชนนอกระบบการศึกษา อายุ 15 ปีขึ้นไป,จัดการเรียนการสอนเพื่อเทียบระดับการศึกษา การศึกษาพื้นฐานและการศึกษาต่อเนื่อง,,,ทุกอำเภอในพื้นที่จังหวัดเชียงใหม่,440,
TZD-F872313AA5,เชียงใหม่,ศูนย์การเรียนไร่ส้มวิทยา,วิชาการ,นอกระบบ,เด็กชาติพันธ์ชนกลุ่มน้อย,การศึกษาให้กับเด็กชาติพันธ์กลุ่มน้อยเพื่อเทียบวุฒิการศึกษา,ฝาง,แม่ข่า,ตำบลแม่ข่า อำเภอฝาง จังหวัดเชียงใหม่,441,
TZD-3554E9C36D,เชียงใหม่,ศูนย์การเรียนมอวาคี,วิชาการ,นอกระบบ,เด็กชาติพันธ์ชนกลุ่มน้อย,การศึกษาให้กับเด็กชาติพันธ์กลุ่มน้อยเพื่อเทียบวุฒิการศึกษา,แม่วาง,แม่วิน,ตำบลแม่วิน อำเภอแม่วาง จังหวัดเชียงใหม่,442,
TZD-A87A155FDF,เชียงใหม่,สถาบันพัฒนาฝีมือแรงงานจังหวัดเชียงใหม่,วิชาชีพ,นอกระบบ,เยาวชนที่ต้องการฝึกทักษะอาชีพ,ฝึกอบรมทักษะอาชีพระยะสั้น เช่น ทำขนม/ช่างซ่อมแอร์/ช่างไฟฟ้า/นวด,แม่ริม,ดอนแก้ว,ตำบลดอนแก้ว อำเภอแม่ริม จังหวัดเชียงใหม่,443,
TZD-B822EDF1DA,เชียงใหม่,ศูนย์พัฒนาศักยภาพและอาชีพคนพิการหยาดฝน จังหวัดเชียงใหม่,วิชาชีพ,นอกระบบ,เยาวชนที่ต้องการฝึกทักษะอาชีพโดยเฉพาะคนพิการ,ฝึกอบรมทักษะอาชีพเทียบระดับการศึกษาปวช. หลักสูตรกลุ่มเทคโนโลยีสารสนเทศ กลุ่มศิลปะหัตถกรรม เกษตรกรรม กลุ่มช่างอุตสาหกรรม,แม่แตง,สนมมหาพน,ตำบลสนมมหาพน อำเภอแม่แตง จังหวัดเชียงใหม่,444,
TZD-3072A0E145,เชียงใหม่,ศูนย์พัฒนาครอบครัวในชุมชนเทศบาลตำบลสนกำแพง,วิชาชีวิต,ตามอัธยาศัย,ทุกคนในครอบครัว,จัดกิจกรรมพัฒนาทักษะชีวิต เช่น การอยู่ร่วมกันในสังคม ทักษะความสัมพันธ์ในครอบครัว,สันกำแพง,สันกำแพง,ตำบลสันกำแพง อำเภอสันกำแพง จังหวัดเชียใหม่,445,
TZD-03E43E18F1,เพชรบุรี,สำนักงานส่งเสริมการเรียนรู้ประจำจังหวัดเพชรบุรี,วิชาการ,นอกระบบ,ผู้มีอายุ 15 ปีขึ้นไป,"ส่งเสริมการเรียนรู้เพื่อคุณวุฒิตามระดับ (ป.6, ม.ต้น, ม.ปลาย)",เมืองเพชรบุรี,ธงชัย,ตำบลธงชัย อำเภอเมืองเพชรบุรี จังหวัดเพชรบุรี,446,ชื่อและจังหวัดตรงกับรายการอื่น แต่รายละเอียดต่างกัน
TZD-F413A43841,เพชรบุรี,สำนักงานส่งเสริมการเรียนรู้ประจำจังหวัดเพชรบุรี,วิชาการ,นอกระบบ,ผู้มีอายุ 15 ปีขึ้นไป,"ส่งเสริมการเรียนรู้เพื่อคุณวุฒิตามระดับ (ป.6, ม.ต้น, ม.ปลาย)",เขาย้อย,ทับคาง,ตำบลทับคาง อำเภอเขาย้อย จังหวัดเพชรบุรี,447,ชื่อและจังหวัดตรงกับรายการอื่น แต่รายละเอียดต่างกัน
TZD-641689EA85,เพชรบุรี,สำนักงานส่งเสริมการเรียนรู้ประจำจังหวัดเพชรบุรี,วิชาการ,นอกระบบ,ผู้มีอายุ 15 ปีขึ้นไป,"ส่งเสริมการเรียนรู้เพื่อคุณวุฒิตามระดับ (ป.6, ม.ต้น, ม.ปลาย)",หนองหญ้าปล้อง,หนองหญ้าปล้อง,ตำบลหนองหญ้าปล้อง อำเภอหนองหญ้าปล้อง จังหวัดเพชรบุรี,448,ชื่อและจังหวัดตรงกับรายการอื่น แต่รายละเอียดต่างกัน
TZD-CEB829CDEE,เพชรบุรี,สำนักงานส่งเสริมการเรียนรู้ประจำจังหวัดเพชรบุรี,วิชาการ,นอกระบบ,ผู้มีอายุ 15 ปีขึ้นไป,"ส่งเสริมการเรียนรู้เพื่อคุณวุฒิตามระดับ (ป.6, ม.ต้น, ม.ปลาย)",ชะอำ,ชะอำ,ตำบลชะอำ อำเภอชะอำ,449,ชื่อและจังหวัดตรงกับรายการอื่น แต่รายละเอียดต่างกัน
TZD-27EEE07ED7,เพชรบุรี,"สพป. เพชรบุรี เขต 1, เขต 2",วิชาการ,ในระบบ,เด็กในวัยเรียน,,,,โรงเรียนในสังกัดทุกอำเภอ,450,ยังไม่ระบุขอบเขต/รูปแบบการเรียนรู้
TZD-6F8791FA99,เพชรบุรี,สพม. เพชรบุรี,วิชาการ,ในระบบ,เด็กในวัยเรียน,การศึกษาระดับมัธยม,,,โรงเรียนในสังกัดทุกอำเภอ,451,
TZD-240483D60A,เพชรบุรี,สธ.,วิชาการ,ในระบบ,เด็กในวัยเรียน,"การศึกษาระดับประถม, มัธยม",,,โรงเรียนในสังกัดทุกอำเภอ,452,
TZD-056EC72B7C,เพชรบุรี,วิทยาลัยสารพัดช่างเพชรบุรี,วิชาชีพ,นอกระบบ,เยาวชนที่ต้องการมีทักษะอาชีพ/แรงงานนอกระบบ,ฝึกอบรมวิชาชีพ เช่น ตัดผมชาย ช่างไฟฟ้า เสริมสวยหญิง,เมืองเพชรบุรี,ไร่ส้ม,93 มี.9 ถนนบันไดอิฐ ตำบลไร่ส้ม อำเภอเมืองจังหวัดเพชรบุรี,453,
TZD-2C8DD09E52,เพชรบุรี,สถาบันพัฒนาฝีมือแรงงาน 35,วิชาชีพ,นอกระบบ,จบม.3 อายุ 15 ถึง 25 ปี,ฝึกอบรมระยะสั้น เช่น ช่างเครื่องปรับอากาศขนาดเล็ก ช่างซ่อมและบำรุงรักษารถจักรยานยนต์ ช่างเดินสายไฟฟ้าในอาคาร,ชะอำ,เขาใหญ่,58 ม.2 ตำบลเขาใหญ่ อำเภอชะอำ จังหวัดเพชรบุรี,454,
TZD-B10272355F,เพชรบุรี,ศูนย์ฝึกอบรมและทดสอบทักษะอาชีพ มหาวิทยาลัยราชภัฎเพชรบุรี,วิชาชีพ,นอกระบบ,นักศึกษา บุคลากร ศิษย์เก่าและผู้สนใจทั่วไป,ฝึกอบรม เช่น ก่อสร้าง ช่างเครื่องกล ช่างไฟฟ้า สาขาอาชีพการบริการ,เมืองเพชรบุรี,นาวุ้ง,38 ม.8 ตำบลนาวุ้ง อำเภอเมือง จังหวัดเพชรบุรี,455,
TZD-7AB4E949D0,เพชรบุรี,ศูนย์การเรียนรู้เศรษฐกิจพอเพียงเรือนจำชั่วคราวกลิ้ง,วิชาชีวิต,ตามอัธยาศัย,ประชาชนทั่วไป/ผู้ต้องขัง,การเรียนรู้ที่ถ่ายทอดความรู้ความเข้าใจ หลักปรัชญาของเศรษฐกิจพอเพียงให้กับผู้ต้องขัง และผู้ที่สนใจ,แก่งกระจาน,วังจันทร์,เลขที่ 87 หมู่ 8 ตำบลวังจันทน์ อำเภอแก่งกระจาน จังหวัดเพชรบุรี,456,
TZD-1B2FE4B92C,เพชรบุรี,ห้องสมุดประชาชนประจำจังหวัด,วิชาชีวิต,ตามอัธยาศัย,ประชาชนทั่วไป/เด็กและเยาวชน,การเรียนรู้ตลอดชีวิต,เมืองเพชรบุรี,,อำเภอเมือง จังหวัดเพชรบุรี,457,
TZD-20F56B4277,เพชรบุรี,ห้องสมุดประชาชนประจำอำเภอ,วิชาชีวิต,ตามอัธยาศัย,ประชาชนทั่วไป/เด็กและเยาวชน,การเรียนรู้ตลอดชีวิต,,,,458,
TZD-7EAF85D839,เพชรบุรี,ห้องสมุดประชาชนเฉลิมราชราชกุมารี,วิชาชีวิต,ตามอัธยาศัย,ประชาชนทั่วไป/เด็กและเยาวชน,การเรียนรู้ตลอดชีวิต,เพชรบุรี,เขาย้อย,อำเภอเขาย้อย จังหวัดเพชรบุรี,459,
TZD-B5BE1C7CD3,เพชรบุรี,โครงการในพระราชดำริ,วิชาชีวิต,ตามอัธยาศัย,ประชาชนทั่วไป/เด็กและเยาวชน,การเรียนรู้ตลอดชีวิต,,,ทุกอำเภอในจังหวัดเพชรบุรี,460,
TZD-06C6A26142,แพร่,สกร. จ.แพร่,วิชาการ,นอกระบบ,นักเรียนที่หลุดออกนอกระบบ,จัดการเรียนรู้นอกระบบ/ตามอัธยาศัย,,,สกร.แพร่ และสกร. 8 อำเภอ,461,
TZD-1A96A870F3,แพร่,"สพป. แพร่ เขต 1 - 2, สพม.แพร่",วิชาการ,ในระบบ,นักเรียนกลุ่มเป้าหมายการศึกษาภาคบังคับ,จัดการเรียนรู้ในระบบ,,,สถานศึกษาในสังกัด,462,
TZD-52FB35EBF5,แพร่,รร.เทศบาล/อบจ. สังกัดอปท.,วิชาการ,ในระบบ,นักเรียนกลุ่มเป้าหมายการศึกษาภาคบังคับ,จัดการเรียนรู้ในระบบ,,,รร.เทศบาล/รร.อบจ.แพร่,463,
TZD-DB38FC981D,แพร่,ศุนย์พัฒนาเด็กเล็ก,วิชาการ,ในระบบ,เด็กประถมวัย,จัดการเรียนรู้ในระบบ,,,ศพด.ประจำตำบลทุกแห่ง,464,
TZD-AB81EEBDEC,แพร่,อาชีวศึกษา,วิชาการ,ในระบบ,นักเรียนกลุ่มเป้าหมายการศึกษาขั้นพื้นฐาน,จัดการเรียนรู้ในระบบ,,,สถานศึกษาในสังกัดอาชีวะศึกษา,465,
TZD-BC753EDD9D,แพร่,สำนักงานพัฒนาฝีมือแรงงานจังหวัด,วิชาการ,ในระบบ,นักเรียนที่หลุดออกนอกระบบ,จัดการเรียนรู้ในระบบ,สูงเม่น,,อ.สูงเม่น,466,
TZD-6002756DA8,แพร่,ลานเล่นตำบลแม่ยางฮ่อ โดยศูนย์สร้างสรรค์เพื่อการพัฒนาสังคมและสิ่งแวดล้อมจังหวัดแพร่,วิชาชีวิต,ตามอัธยาศัย,เด็ก เยาวชน และครอบครัวสมาชิกในชุมชน,กิจกรรมพัฒนาทักษะชีวิตผ่านการเรียนรู้จากการเล่นและการทำกิจกรรมร่วมกันของสมาชิกในชุมชน,ร้องกวาง,ยางฮ่อ,ตำบลแม่ยางฮ่อ อำเภอร้องกวาง จังหวัดแพร่,467,
TZD-CA6367F1AA,แพร่,ห้องสมุดประชาชนจังหวัดแพร่ โดยสกร.,วิชาชีวิต,ตามอัธยาศัย,เด็ก เยาวชน และครอบครัวสมาชิกในชุมชน,กิจกรรมคาราวาน รถโมบายนักผจญภัยในโลกหนังสือเพื่อให้เด็กได้เรียนรู้และทำกิจกรรมในภูมิปัญญาท้องถิ่น และได้เรียนรู้ผ่านการอ่าน,,,ทุกอำเภอในจังหวัดแพร่,468,
TZD-E076DEA85A,แม่ฮ่องสอน,กศน.อำเภอ 7 อำเภอ,วิชาการ,นอกระบบ,เด็กและเยาวชนอายุ 15 - 18 ปี,จัดการเรียนการสอนในรูปแบบการศึกษาต่อเนื่อง,,,ทุกอำเภอ,469,
TZD-06C508C3CF,แม่ฮ่องสอน,ศูนย์การเรียนหญ้าแพรก,วิชาการ,ตามอัธยาศัย,กลุ่มเด็กและเยาวชนอายุ 3-12 ปีในพื้นที่สุมเมย แม่สะเรียง แม่ลาน้อย,จัดรูปแบบการศึกษาแบบเทียบชั้นเรียนตามโครงสร้างหลักสูตร,แม่สะเรียง,,อ.แม่สะเรียง,470,
TZD-C51CC9455D,แม่ฮ่องสอน,ศูนย์การเรียนเพลินปาย,วิชาการ,ตามอัธยาศัย,กลุ่มเด็กต่างชาติที่สื่อสารภาษาอังกฤษเป็นหลัก อายุ 3-12 ปี,,ปาย,,อ.ปาย,471,ยังไม่ระบุขอบเขต/รูปแบบการเรียนรู้
TZD-5DCBFE2E57,แม่ฮ่องสอน,ศูนย์การเรียนปีติปัญญา,วิชาการ,ตามอัธยาศัย,กลุ่มพี่น้องชาติพันธุ์และอื่นๆ อายุ 13-18 ปี,,แม่สะเรียง,,อ.แม่สะเรียง,472,ยังไม่ระบุขอบเขต/รูปแบบการเรียนรู้
TZD-D054985AD7,แม่ฮ่องสอน,สถาบันพัฒนาฝีมือแรงงาน,วิชาชีพ,ตามอัธยาศัย,กลุ่มเยาวชนที่ต้องการฝึกอาชีพเพื่อหาเลี้ยงชีพหรือครอบครัว,การฝึกอบรมระยะสั้น/ฝึกอาชีพ,เมืองแม่ฮ่องสอน,,อ.เมือง,473,
TZD-16F586F5FD,แม่ฮ่องสอน,วิทยาลัยนวมินทราชนีแม่ฮ่องสอน,วิชาชีพ,ตามอัธยาศัย,,การฝึกอาชีพระยะสั้น,เมืองแม่ฮ่องสอน,,อ.เมือง,474,ยังไม่ระบุกลุ่มเป้าหมาย
TZD-ED9B73A032,แม่ฮ่องสอน,วิทยาลัยนวมินทราชนีแม่สะเรียง,วิชาชีพ,ตามอัธยาศัย,,การฝึกอาชีพระยะสั้น,แม่สะเรียง,,อ.แม่สะเรียง,475,ยังไม่ระบุกลุ่มเป้าหมาย
TZD-D3E7A02D01,แม่ฮ่องสอน,ศูนย์ไทยใหญ่ศึกษา,วิชาชีวิต,ตามอัธยาศัย,เด็กอายุ 6-18 ปี,การศึกษาระยะสั้นตามหลักสูตร/สนใจ,เมืองแม่ฮ่องสอน,,อ.เมือง,476,
TZD-7A5BA8BB9F,แม่ฮ่องสอน,ศูนย์ศพด.ในแต่ละตำบล,วิชาชีวิต,ในระบบ,เด็กอายุ 3-5 ปี,พัฒนาการชีวิตต่อเนื่อง,,,พิื้นที่ทุกตำบล,477,
TZD-CAB9C3F4A3,เชียงใหม่,โฮงเฮียนสืบสานภูมิปัญญาล้านนา,วิชาชีพ,ตามอัธยาศัย,15-18,สอนศิลปะการแสดงล้านนา,เมืองเชียงใหม่,วัดเกต,,"478, 480",
TZD-45D88442CB,เชียงใหม่,ศูนย์การเรียนรู้ปรัชญาเศรษฐกิจพอเพียงตามแนวพระราชดำริ และศูนย์สาธิตและส่งเสริมศิลปาชีพ ภาคเหนือ,วิชาชีพ,ตามอัธยาศัย,เยาวชนทุกคน,แหล่งการเรียนรู้แนวปรัชญาเศรษฐกิจพอเพียงตามแนวพระราชดำริ และส่งเสริมการใช้ทรัพยากรและภูมิปัญญาท้องถิ่นในแบบ edutainment สำหรับเด็ก เยาวชน และผู้ที่สนใจ ประกอบด้วยส่วนนิทรรศการและการสาธิต มีแปลงสาธิตเกษตรทฤษฎีใหม่ แปลงพืชผสมผสาน ส่วนสาธิตเศรษฐกิจพอเพียง และมีนิทรรศการโครงการสาธิตและส่งเสริมศิลปาชีพ เป็นต้น,แม่ริม,แม่สา,https://maps.app.goo.gl/qJ8zL78jPQBYpL2m6,"479, 481",
